contract_number,file_name,sharepoint_document_url,account_name,solution_line
80162,Blue Cross and Blue Shield of Louisiana - Cotiviti - CO 10 - TE - 07252025 - Dynamics_80162.pdf,https://cotiviti.sharepoint.com/sites/crmdocs/avtx_legalcontract/80162/Blue Cross and Blue Shield of Louisiana - Cotiviti - CO 10 - TE - 07252025 - Dynamics_80162.pdf,Blue Cross and Blue Shield of Louisiana,Population Health Management
84129,Humana - Cotiviti - CO - AM - 07242025 - Dynamics_84129.pdf,https://cotiviti.sharepoint.com/sites/crmdocs/avtx_legalcontract/84129/Humana - Cotiviti - CO - AM - 07242025 - Dynamics_84129.pdf,Humana,Population Health Management
78940,Elevance - Cotiviti - AMD 11 - DM - 07212025 - Dynamics_78940.pdf,https://cotiviti.sharepoint.com/sites/crmdocs/avtx_legalcontract/78940/Elevance - Cotiviti - AMD 11 - DM - 07212025 - Dynamics_78940.pdf,"Anthem, Inc (WellPoint, Inc.)",Quality Improvement
74995,UHC - Cotiviti - AMD - MS - 07212025 - Dynamics_74995.pdf,https://cotiviti.sharepoint.com/sites/crmdocs/avtx_legalcontract/74995/UHC - Cotiviti - AMD - MS - 07212025 - Dynamics_74995.pdf,United HealthCare Services,Payment Accuracy
78532,BCBSLA - Cotiviti - SOW 5 - BR - 07162025 - Dynamics_78532.pdf,https://cotiviti.sharepoint.com/sites/crmdocs/avtx_legalcontract/78532/BCBSLA - Cotiviti - SOW 5 - BR - 07162025 - Dynamics_78532.pdf,Blue Cross and Blue Shield of Louisiana,Payment Accuracy
78426,UPMCHP - Cotiviti - SOW - TE - 07162025 - Dynamics_78426.pdf,https://cotiviti.sharepoint.com/sites/crmdocs/avtx_legalcontract/78426/UPMCHP - Cotiviti - SOW - TE - 07162025 - Dynamics_78426.pdf,UPMC Health Plan,Population Health Management
78403,Elevance Health - Cotiviti - SOW - TE - 07152025 - Dynamics_78403.pdf,https://cotiviti.sharepoint.com/sites/crmdocs/avtx_legalcontract/78403/Elevance Health - Cotiviti - SOW - TE - 07152025 - Dynamics_78403.pdf,"Anthem, Inc (WellPoint, Inc.)",Population Health Management
81252,ALIC - Cotiviti - Letter - DM - 07152025 - Dynamics_81252.pdf,https://cotiviti.sharepoint.com/sites/crmdocs/avtx_legalcontract/81252/ALIC - Cotiviti - Letter - DM - 07152025 - Dynamics_81252.pdf,Aetna Life Insurance Company,Risk Adjustment
79085,UPMC - Cotiviti - AMD 5 to SOW 1 - DM - 07032025 - Dynamics_79085.pdf,https://cotiviti.sharepoint.com/sites/crmdocs/avtx_legalcontract/79085/UPMC - Cotiviti - AMD 5 to SOW 1 - DM - 07032025 - Dynamics_79085.pdf,UPMC Health Plan,Quality Improvement
78458,Elevance - Cotiviti - Amd 1 to SOW 272 -  TE 07032025 - Dynamics_78458.pdf,https://cotiviti.sharepoint.com/sites/crmdocs/avtx_legalcontract/78458/Elevance - Cotiviti - Amd 1 to SOW 272 -  TE 07032025 - Dynamics_78458.pdf,"Anthem, Inc (WellPoint, Inc.)",Population Health Management
80652,Kaiser - Cotiviti - AMD 5 - TE - 07022025 - Dynamics_80652.pdf,https://cotiviti.sharepoint.com/sites/crmdocs/avtx_legalcontract/80652/Kaiser - Cotiviti - AMD 5 - TE - 07022025 - Dynamics_80652.pdf,Kaiser Permanente,Population Health Management
79640,Excellus Health Plan - Cotiviti - Amendment,https://cotiviti.sharepoint.com/sites/crmdocs/avtx_legalcontract/79640/Excellus Health Plan - Cotiviti - Amendment #4 - BR - 06282025 - Dynamics_79640.pdf,Excellus BlueCross BlueShield,Payment Accuracy
75308,Excellus Health Plan - Cotiviti - SOW,https://cotiviti.sharepoint.com/sites/crmdocs/avtx_legalcontract/75308/Excellus Health Plan - Cotiviti - SOW #11 - BR - 06282025 - Dynamics_75308.pdf,Excellus BlueCross BlueShield,Payment Accuracy
79819,Aetna Life Insurance Company - Cotiviti - Change Order,https://cotiviti.sharepoint.com/sites/crmdocs/avtx_legalcontract/79819/Aetna Life Insurance Company - Cotiviti - Change Order #3 - TE - 07022025 - Dynamics_79819.pdf,Aetna Life Insurance Company,Population Health Management
78499,UHS - Cotiviti - AMD - TE -  07252025 - Dynamics _78499.pdf,https://cotiviti.sharepoint.com/sites/crmdocs/avtx_legalcontract/78499/UHS - Cotiviti - AMD - TE -  07252025 - Dynamics _78499.pdf,United HealthCare Services,Population Health Management
80353,UHC - Cotiviti -  AMD 2 - TE - 07252025 - Dynamics_80353.pdf,https://cotiviti.sharepoint.com/sites/crmdocs/avtx_legalcontract/80353/UHC - Cotiviti -  AMD 2 - TE - 07252025 - Dynamics_80353.pdf,United HealthCare Services,Population Health Management
79804,Humana - Cotiviti - AMD,https://cotiviti.sharepoint.com/sites/crmdocs/avtx_legalcontract/79804/Humana - Cotiviti - AMD #1 to Schedule #017 - DM - 06032025 - Dynamics_79804.pdf,Humana,Risk Adjustment
78660,Centene Corporation - Cotiviti - Change Order,https://cotiviti.sharepoint.com/sites/crmdocs/avtx_legalcontract/78660/Centene Corporation - Cotiviti - Change Order #67 to SOW #55 - AM - 05162025 - Dynamics_78660.pdf,Centene Corporation,Population Health Management
76400,Aetna Life Insurance Company - Cotiviti - CO,https://cotiviti.sharepoint.com/sites/crmdocs/avtx_legalcontract/76400/Aetna Life Insurance Company - Cotiviti - CO #15 - TE - 05162025 - Dynamics_76400.pdf,Aetna Life Insurance Company,Population Health Management
83200,Centene_MLSA_SaaS_FE_14May2025.pdf,https://cotiviti.sharepoint.com/sites/crmdocs/avtx_legalcontract/83200/Centene_MLSA_SaaS_FE_14May2025.pdf,Centene Corporation,Edifecs
78891,United Health Care Services - Cotiviti - CO,https://cotiviti.sharepoint.com/sites/crmdocs/avtx_legalcontract/78891/United Health Care Services - Cotiviti - CO# 4 to SOW #285 - TE - 04222025 - Dynamics_78891.pdf,United HealthCare Services,Population Health Management
75490,UPMC Health Plan - Cotiviti - Change Order,https://cotiviti.sharepoint.com/sites/crmdocs/avtx_legalcontract/75490/UPMC Health Plan - Cotiviti - Change Order #3 - TE - 03062025 - Dynamics_75490.pdf,UPMC Health Plan,Population Health Management
75733,CVS Pharmacy - Cotiviti - Change Order,https://cotiviti.sharepoint.com/sites/crmdocs/avtx_legalcontract/75733/CVS Pharmacy - Cotiviti - Change Order #2 - DM - 12032024 - Dynamics_75733.pdf,Aetna Life Insurance Company,Quality Improvement
75643,Elevance - Cotiviti - AMD,https://cotiviti.sharepoint.com/sites/crmdocs/avtx_legalcontract/75643/Elevance - Cotiviti - AMD #1 to MRA SOW #15 - DM - 02132025 - Dynamics_75643.pdf,"Anthem, Inc (WellPoint, Inc.)",Risk Adjustment
78357,UHS - Cotiviti - AMD 2 - TE - 07092025 - Dynamics_78357.pdf,https://cotiviti.sharepoint.com/sites/crmdocs/avtx_legalcontract/78357/UHS - Cotiviti - AMD 2 - TE - 07092025 - Dynamics_78357.pdf,United HealthCare Services,Population Health Management
71303,Aetna - Cotiviti - Change Order,https://cotiviti.sharepoint.com/sites/crmdocs/avtx_legalcontract/71303/Aetna - Cotiviti - Change Order #4 - TE - 01312025 - Dynamics_71303.pdf,Aetna Life Insurance Company,Population Health Management
76373,Elevance - Cotiviti - Work Order,https://cotiviti.sharepoint.com/sites/crmdocs/avtx_legalcontract/76373/Elevance - Cotiviti - Work Order #4 - DM - 01172025 - Dynamics_76373.pdf,"Anthem, Inc (WellPoint, Inc.)",Quality Improvement
76394,CVS Pharmacy - Cotiviti - Amendment,https://cotiviti.sharepoint.com/sites/crmdocs/avtx_legalcontract/76394/CVS Pharmacy - Cotiviti - Amendment#34 - JK - 04282025 - Dynamics_76394.pdf,Aetna Life Insurance Company,Payment Accuracy
77752,STATEMENT OF WORK,https://cotiviti.sharepoint.com/sites/crmdocs/avtx_legalcontract/77752/STATEMENT OF WORK # 5 SHARED HEALTH MISSISSIPPI.pdf,Blue Cross Blue Shield of Tennessee,Payment Accuracy
77751,STATEMENT OF WORK,https://cotiviti.sharepoint.com/sites/crmdocs/avtx_legalcontract/77751/STATEMENT OF WORK # 4 DUAL ELIGIBLE SPECIAL NEEDS PLANS (D-SNPS).pdf,Blue Cross Blue Shield of Tennessee,Payment Accuracy
77750,STATEMENT OF WORK,https://cotiviti.sharepoint.com/sites/crmdocs/avtx_legalcontract/77750/STATEMENT OF WORK # 3 MEDICAID.pdf,Blue Cross Blue Shield of Tennessee,Payment Accuracy
77749,,https://statement of work # 2 MEDICARE ADVANTAGE,Blue Cross Blue Shield of Tennessee,Payment Accuracy
77747,STATEMENT OF WORK,https://cotiviti.sharepoint.com/sites/crmdocs/avtx_legalcontract/77747/STATEMENT OF WORK # 1 COMMERCIAL.pdf,Blue Cross Blue Shield of Tennessee,Payment Accuracy
77746,BCBS TN- STATEMENT OF WORK,https://cotiviti.sharepoint.com/sites/crmdocs/avtx_legalcontract/77746/BCBS TN- STATEMENT OF WORK # 6 CLIENT HOSTED QUALITY INTELLIGENCE.pdf,Blue Cross Blue Shield of Tennessee,Quality Improvement
77745,BCBS TN- SERVICE ATTACHMENT,https://cotiviti.sharepoint.com/sites/crmdocs/avtx_legalcontract/77745/BCBS TN- SERVICE ATTACHMENT # 4 CODING VALIDATION.pdf,Blue Cross Blue Shield of Tennessee,Payment Accuracy
77744,BCBS TN- SERVICE ATTACHMENT,https://cotiviti.sharepoint.com/sites/crmdocs/avtx_legalcontract/77744/BCBS TN- SERVICE ATTACHMENT # 3 CLAIM PATTERN REVIEW.pdf,Blue Cross Blue Shield of Tennessee,Payment Accuracy
77743,BCBS TN- SERVICE ATTACHMENT,https://cotiviti.sharepoint.com/sites/crmdocs/avtx_legalcontract/77743/BCBS TN- SERVICE ATTACHMENT # 2 Pre-Pay Audits.pdf,Blue Cross Blue Shield of Tennessee,Payment Accuracy
77742,BCBS TN- SERVICE ATTACHMENT,https://cotiviti.sharepoint.com/sites/crmdocs/avtx_legalcontract/77742/BCBS TN- SERVICE ATTACHMENT # 1 DATA MINING AND RECOVERY and COMPLEX CHART REVIEW &  Clinical Chart Validation (CCV Services).pdf,Blue Cross Blue Shield of Tennessee,Payment Accuracy
76277,Elevance Health - Cotiviti - AMD,https://cotiviti.sharepoint.com/sites/crmdocs/avtx_legalcontract/76277/Elevance Health - Cotiviti - AMD #9 to SOW #2 - MS - 02202025 - Dynamics_76277.pdf,"Anthem, Inc (WellPoint, Inc.)",Payment Accuracy
75704,Elevance - Cotiviti - AMD,https://cotiviti.sharepoint.com/sites/crmdocs/avtx_legalcontract/75704/Elevance - Cotiviti - AMD #4 to SOW #865 - TE - 11222024 - Dynamics_75704.pdf,"Anthem, Inc (WellPoint, Inc.)",Population Health Management
81819,Elevance_Beacon_Order Form 1_PQ13778_EM & TM Renewal_FE 31Dec2024.pdf,https://cotiviti.sharepoint.com/sites/crmdocs/avtx_legalcontract/81819/Elevance_Beacon_Order Form 1_PQ13778_EM & TM Renewal_FE 31Dec2024.pdf,"Anthem, Inc (WellPoint, Inc.)",Edifecs
75478,HCSC - Cotiviti - AMD,https://cotiviti.sharepoint.com/sites/crmdocs/avtx_legalcontract/75478/HCSC - Cotiviti - AMD #6 - JK - 01092025 - Dynamics_75478.pdf,Health Care Service Corporation,Payment Accuracy
81820,Elevance_Beacon_Order Form 2_PQ13895_Addl TM BH Members_FE 24Dec2024.pdf,https://cotiviti.sharepoint.com/sites/crmdocs/avtx_legalcontract/81820/Elevance_Beacon_Order Form 2_PQ13895_Addl TM BH Members_FE 24Dec2024.pdf,"Anthem, Inc (WellPoint, Inc.)",Edifecs
76170,Highmark - Cotiviti - Amendment,https://cotiviti.sharepoint.com/sites/crmdocs/avtx_legalcontract/76170/Highmark - Cotiviti - Amendment #38 - CG - 12192024 - Dynamics_76170.pdf,Highmark Blue Cross Blue Shield,Quality Improvement
76243,Elevance Health - Cotiviti - Change Order,https://cotiviti.sharepoint.com/sites/crmdocs/avtx_legalcontract/76243/Elevance Health - Cotiviti - Change Order #1 - TE - 12132024 - Dynamics_76243.pdf,"Anthem, Inc (WellPoint, Inc.)",Population Health Management
82297,HCSC_MSR Attachment A Certification_FE 05Dec2024.pdf,https://cotiviti.sharepoint.com/sites/crmdocs/avtx_legalcontract/82297/HCSC_MSR Attachment A Certification_FE 05Dec2024.pdf,Health Care Service Corporation,Edifecs
75650,Advantmed - Cotiviti - AMD,https://cotiviti.sharepoint.com/sites/crmdocs/avtx_legalcontract/75650/Advantmed - Cotiviti - AMD #1 to SOW #1 - DM - 11202024 - Dynamics_75650.pdf,AdvantMed,Risk Adjustment
76143,Health First Health Plans - Cotiviti - AMD,https://cotiviti.sharepoint.com/sites/crmdocs/avtx_legalcontract/76143/Health First Health Plans - Cotiviti - AMD #1 - DM - 12102024 - Dynamics_76143.pdf,"Health First Health Plans, Inc.",Risk Adjustment
75561,Elevance - Cotiviti - Addendum,https://cotiviti.sharepoint.com/sites/crmdocs/avtx_legalcontract/75561/Elevance - Cotiviti - Addendum #1 to AMD #28 - JK - 10222024 - Dynamics_75561.pdf,"Anthem, Inc (WellPoint, Inc.)",Payment Accuracy
82156,Aetna_Regulatory Compliance Addenda Amend_Kentucky_FE 12Oct2024.pdf,https://cotiviti.sharepoint.com/sites/crmdocs/avtx_legalcontract/82156/Aetna_Regulatory Compliance Addenda Amend_Kentucky_FE 12Oct2024.pdf,Aetna Life Insurance Company,Edifecs
75698,Centene Management Company - Cotiviti - AMD,https://cotiviti.sharepoint.com/sites/crmdocs/avtx_legalcontract/75698/Centene Management Company - Cotiviti - AMD #2 to SOW - TE - 10282024 - Dynamics_75698.pdf,Centene Corporation,Population Health Management
75703,United Healthcare Services - Cotiviti - Change Order,https://cotiviti.sharepoint.com/sites/crmdocs/avtx_legalcontract/75703/United Healthcare Services - Cotiviti - Change Order #3 to SOW #200 - TE - 10042024 - Dynamics_75703.pdf,United HealthCare Services,Population Health Management
75453,Elevance Health - Cotiviti - AMD,https://cotiviti.sharepoint.com/sites/crmdocs/avtx_legalcontract/75453/Elevance Health - Cotiviti - AMD #3 to SOW #5 - MS - 09232024 - Dynamics_75453.pdf,"Anthem, Inc (WellPoint, Inc.)",Payment Accuracy
75250,United Healthcare Services - Cotiviti - SOW,https://cotiviti.sharepoint.com/sites/crmdocs/avtx_legalcontract/75250/United Healthcare Services - Cotiviti - SOW #305 - TE - 09182024 - Dynamics_75250.pdf,United HealthCare Services,Population Health Management
75361,Kaiser Foundation Health Plan - Cotiviti - Work Order,https://cotiviti.sharepoint.com/sites/crmdocs/avtx_legalcontract/75361/Kaiser Foundation Health Plan - Cotiviti - Work Order #1 - TE -09162024 - Dynamics_75361.pdf,Kaiser Permanente,Population Health Management
78994,"Advantmed, LLC - Cotiviti - MSA - DM - 08302024 - Dynamics_74579.pdf","https://cotiviti.sharepoint.com/sites/crmdocs/avtx_legalcontract/74579/Advantmed, LLC - Cotiviti - MSA - DM - 08302024 - Dynamics_74579.pdf",AdvantMed,Risk Adjustment
74843,Aetna Life Insurance - Cotiviti - Amendment,https://cotiviti.sharepoint.com/sites/crmdocs/avtx_legalcontract/74843/Aetna Life Insurance - Cotiviti - Amendment #4 to Schedule #16 - DM - 08162024 - Dynamics_74843.pdf,Aetna Life Insurance Company,Risk Adjustment
82157,Aetna_CVS_2024 Michigan Regulatory Compliance Addendum Amendment_CW2361026_fully executed 26Sept2024.pdf,https://cotiviti.sharepoint.com/sites/crmdocs/avtx_legalcontract/82157/Aetna_CVS_2024 Michigan Regulatory Compliance Addendum Amendment_CW2361026_fully executed 26Sept2024.pdf,Aetna Life Insurance Company,Edifecs
82294,AllItems.aspx,https://cotiviti.sharepoint.com/sites/Internal-Legal/Contracts  Customers H to I/Forms/AllItems.aspx?id=%2Fsites%2FInternal%2DLegal%2FContracts%20%20Customers%20H%20to%20I%2FHCSC%20%2D%20Health%20Care%20Service%20Corp%2FAttestation%20Requests%2FArtificial%20Intelligence%2FExecuted%2FHCSC%5FArtificial%20Intelligence%20Procurement%20Review%20Form%5FEdifecs%20signed%2008022024%2Epdf&viewid=9e8d5e4d%2Df4d0%2D46e7%2Db5dd%2Dbdfd94d30201&parent=%2Fsites%2FInternal%2DLegal%2FContracts%20%20Customers%20H%20to%20I%2FHCSC%20%2D%20Health%20Care%20Service%20Corp%2FAttestation%20Requests%2FArtificial%20Intelligence%2FExecuted,Health Care Service Corporation,Edifecs
75130,Elevance - Cotiviti - WO,https://cotiviti.sharepoint.com/sites/crmdocs/avtx_legalcontract/75130/Elevance - Cotiviti - WO #1 - DM - 08012024 - Dynamics_75130.pdf,"Anthem, Inc (WellPoint, Inc.)",Quality Improvement
74979,Kaiser Foundation Health Plan - Cotiviti - TE -07022024 -  Work Order,https://cotiviti.sharepoint.com/sites/crmdocs/avtx_legalcontract/74979/Kaiser Foundation Health Plan - Cotiviti - TE -07022024 -  Work Order #21 - Dynamics_74979.pdf,Kaiser Permanente,Population Health Management
74357,Excellus Health Plan - Cotiviti - Amendment,https://cotiviti.sharepoint.com/sites/crmdocs/avtx_legalcontract/74357/Excellus Health Plan - Cotiviti - Amendment #2 - DM - 06272024 - Dynamics_74357.pdf,Excellus BlueCross BlueShield,Quality Improvement
73392,Kaiser Foundation Health Plan of Washington - Cotiviti - Amendment,https://cotiviti.sharepoint.com/sites/crmdocs/avtx_legalcontract/73392/Kaiser Foundation Health Plan of Washington - Cotiviti - Amendment #2 - DM - 05162024 - Dynamics_73392.pdf,Kaiser Foundation Health Plan of Washington,Quality Improvement
82754,Horizon BCBS NJ_BAA_effective 18June2024_fully executed.pdf,https://cotiviti.sharepoint.com/sites/crmdocs/avtx_legalcontract/82754/Horizon BCBS NJ_BAA_effective 18June2024_fully executed.pdf,Horizon Blue Cross Blue Shield of New Jersey,Edifecs
81740,Horizon BCBS NJ_2024 FDR Attestation_Filled_corrected 06172024_fully executed.pdf,https://cotiviti.sharepoint.com/sites/crmdocs/avtx_legalcontract/81740/Horizon BCBS NJ_2024 FDR Attestation_Filled_corrected 06172024_fully executed.pdf,Horizon Blue Cross Blue Shield of New Jersey,Edifecs
74874,Kaiser Foundation Health Plan - Cotiviti - Work Order,https://cotiviti.sharepoint.com/sites/crmdocs/avtx_legalcontract/74874/Kaiser Foundation Health Plan - Cotiviti - Work Order #16 - TE - 06072024 - Dynamics_74874.pdf,Kaiser Permanente,Population Health Management
74865,Kaiser Foundation Health Plan - Cotiviti - Work Order,https://cotiviti.sharepoint.com/sites/crmdocs/avtx_legalcontract/74865/Kaiser Foundation Health Plan - Cotiviti - Work Order #18 - TE - 06072024 - Dynamics_74865.pdf,Kaiser Permanente,Population Health Management
77734,Kaiser - Cotiviti - AMD 3 - TE - 07022025 - Dynamics_77734.pdf,https://cotiviti.sharepoint.com/sites/crmdocs/avtx_legalcontract/77734/Kaiser - Cotiviti - AMD 3 - TE - 07022025 - Dynamics_77734.pdf,Kaiser Permanente,Population Health Management
74518,Independent Health Association - Cotiviti - Amendment,https://cotiviti.sharepoint.com/sites/crmdocs/avtx_legalcontract/74518/Independent Health Association - Cotiviti - Amendment #2 - DM - 07012024 - Dynamics_74518.pdf,"Independent Health Association, Inc.",Risk Adjustment
74474,Kaiser Foundation Health Plan - Cotiviti - SOW - CO,https://cotiviti.sharepoint.com/sites/crmdocs/avtx_legalcontract/74474/Kaiser Foundation Health Plan - Cotiviti - SOW - CO #4 - MS - 05032024 - Dynamics_74474.pdf,Kaiser Permanente,Payment Accuracy
74471,Kaiser Foundation Health Plan of the Northwest - Cotiviti - Professional Services SOW - CO,https://cotiviti.sharepoint.com/sites/crmdocs/avtx_legalcontract/74471/Kaiser Foundation Health Plan of the Northwest - Cotiviti - Professional Services SOW - CO #2 - MS - 05212024 - Dynamics_74471.pdf,Kaiser Permanente,Payment Accuracy
74245,Elevance Health - Cotiviti - AMD,https://cotiviti.sharepoint.com/sites/crmdocs/avtx_legalcontract/74245/Elevance Health - Cotiviti - AMD #34 - JK - 07162024 - Dynamics_74245.pdf,"Anthem, Inc (WellPoint, Inc.)",Payment Accuracy
74184,Kaiser Foundation Health Plan - Cotiviti - Amendment,https://cotiviti.sharepoint.com/sites/crmdocs/avtx_legalcontract/74184/Kaiser Foundation Health Plan - Cotiviti - Amendment #9 - TE - 02232024 - Dynamics_74184.pdf,Kaiser Permanente,Population Health Management
83707,Centene_BAA_FE 29May2024.pdf,https://cotiviti.sharepoint.com/sites/crmdocs/avtx_legalcontract/83707/Centene_BAA_FE 29May2024.pdf,Centene Corporation,Edifecs
82149,Aetna_CO3104 to SOW2892_CW2538173_Implementation of Medicare_fully executed 05102024.pdf,https://cotiviti.sharepoint.com/sites/crmdocs/avtx_legalcontract/82149/Aetna_CO3104 to SOW2892_CW2538173_Implementation of Medicare_fully executed 05102024.pdf,Aetna Life Insurance Company,Edifecs
81725,2024_Onshore_Attestations_Template_v1_Signed.pdf,https://cotiviti.sharepoint.com/sites/crmdocs/avtx_legalcontract/81725/2024_Onshore_Attestations_Template_v1_Signed.pdf,Aetna Life Insurance Company,Edifecs
72761,Centene Corporation - Cotiviti - Change Order,https://cotiviti.sharepoint.com/sites/crmdocs/avtx_legalcontract/72761/Centene Corporation - Cotiviti - Change Order #15 - TE - 05062024 - Dynamics_72761.pdf,Centene Corporation,Population Health Management
74567,Highmark - Cotiviti - WO,https://cotiviti.sharepoint.com/sites/crmdocs/avtx_legalcontract/74567/Highmark - Cotiviti - WO#8 - DM - 05172024 - Dynamics_74567.pdf,Highmark Blue Cross Blue Shield,Risk Adjustment
74455,Kaiser Foundation (HI) - Cotiviti - WO,https://cotiviti.sharepoint.com/sites/crmdocs/avtx_legalcontract/74455/Kaiser Foundation (HI) - Cotiviti - WO #6 to SOW #4 - DM - 04252024 - Dynamics_74455.pdf,Kaiser Permanente of Hawaii,Quality Improvement
73877,Aetna Life Insurance Company - Cotiviti - Change Order,https://cotiviti.sharepoint.com/sites/crmdocs/avtx_legalcontract/73877/Aetna Life Insurance Company - Cotiviti - Change Order #2 - TE - 04222024 - Dynamics_73877.pdf,Aetna Life Insurance Company,Population Health Management
72605,United Health Care Services - Cotiviti - CO,https://cotiviti.sharepoint.com/sites/crmdocs/avtx_legalcontract/72605/United Health Care Services - Cotiviti - CO #2 to SOW #297 - TE - 04172024 - Dynamics_72605.pdf,United HealthCare Services,Population Health Management
74354,Elevance Health - Cotiviti - Amendment,https://cotiviti.sharepoint.com/sites/crmdocs/avtx_legalcontract/74354/Elevance Health - Cotiviti - Amendment #2 - JK - 04162024 - Dynamics_74354.pdf,"Anthem, Inc (WellPoint, Inc.)",Payment Accuracy
74461,Aetna Life Insurance Company - Cotiviti - Amendment,https://cotiviti.sharepoint.com/sites/crmdocs/avtx_legalcontract/74461/Aetna Life Insurance Company - Cotiviti - Amendment #1 - JK - 05102024 - Dynamics_74461.pdf,Aetna Life Insurance Company,Payment Accuracy
74456,Kaiser Permanente of Hawaii - Cotiviti - Work Order,https://cotiviti.sharepoint.com/sites/crmdocs/avtx_legalcontract/74456/Kaiser Permanente of Hawaii - Cotiviti - Work Order #7 to SOW #4 - DM - 04232024 - Dynamics_74456.pdf,Kaiser Permanente of Hawaii,Quality Improvement
74418,United HealthCare Services - Cotiviti - Amendment,https://cotiviti.sharepoint.com/sites/crmdocs/avtx_legalcontract/74418/United HealthCare Services - Cotiviti - Amendment #4 - TE - 05062024 - Dynamics_74418.pdf,United HealthCare Services,Population Health Management
82036,BCBSTN_SHMS & SHIC Joinder Agreement_PQ13729_FE eff 01April2024.pdf,https://cotiviti.sharepoint.com/sites/crmdocs/avtx_legalcontract/82036/BCBSTN_SHMS & SHIC Joinder Agreement_PQ13729_FE eff 01April2024.pdf,Blue Cross Blue Shield of Tennessee,Edifecs
73391,KFHPH - Cotiviti - AMD,https://cotiviti.sharepoint.com/sites/crmdocs/avtx_legalcontract/73391/KFHPH - Cotiviti - AMD #3 to SOW #4 - DM - 06032024 - Dynamics_73391.pdf,Kaiser Permanente of Hawaii,Quality Improvement
73543,Kaiser Foundation Health Plan - Cotiviti - SOW - CO,https://cotiviti.sharepoint.com/sites/crmdocs/avtx_legalcontract/73543/Kaiser Foundation Health Plan - Cotiviti - SOW - CO #2 - MS - 03292024 - Dynamics_73543.pdf,Kaiser Permanente,Payment Accuracy
74200,Highmark - Cotiviti - Work order,https://cotiviti.sharepoint.com/sites/crmdocs/avtx_legalcontract/74200/Highmark - Cotiviti - Work order #11 - DM - 03222024 - Dynamics_74200.pdf,Highmark Blue Cross Blue Shield,Quality Improvement
74517,Health Alliance Medical Plans - Cotiviti - Amendment,https://cotiviti.sharepoint.com/sites/crmdocs/avtx_legalcontract/74517/Health Alliance Medical Plans - Cotiviti - Amendment #3 - DM - 05082024 - Dynamics_74517.pdf,"Health Alliance Medical Plans, Inc.",Risk Adjustment
73119,UHC - Cotiviti - SOW,https://cotiviti.sharepoint.com/sites/crmdocs/avtx_legalcontract/73119/UHC - Cotiviti - SOW #10 - MS - 12162023 - Dynamics_73119.pdf,United HealthCare Services,Payment Accuracy
73318,Elevance Health - Cotiviti - AMD,https://cotiviti.sharepoint.com/sites/crmdocs/avtx_legalcontract/73318/Elevance Health - Cotiviti - AMD #3 to SOW #865 - TE - 01032024 - Dynamics_73318.pdf,"Anthem, Inc (WellPoint, Inc.)",Population Health Management
82284,HCSC - Edifecs Revised BAA_18dec2023_fully executed.docx.pdf,https://cotiviti.sharepoint.com/sites/crmdocs/avtx_legalcontract/82284/HCSC - Edifecs Revised BAA_18dec2023_fully executed.docx.pdf,Health Care Service Corporation,Edifecs
74681,Elevance - Cotiviti - Work Order,https://cotiviti.sharepoint.com/sites/crmdocs/avtx_legalcontract/74681/Elevance - Cotiviti - Work Order #9 - DM - 07242024 - Dynamics_74681.pdf,"Anthem, Inc (WellPoint, Inc.)",Quality Improvement
73484,Highmark - Cotiviti - Amendment,https://cotiviti.sharepoint.com/sites/crmdocs/avtx_legalcontract/73484/Highmark - Cotiviti - Amendment #34 - DM - 12152023 - Dynamics_73484.pdf,Highmark Blue Cross Blue Shield,Quality Improvement
73384,Kaiser Foundation Healthplan - Cotiviti - Work Order,https://cotiviti.sharepoint.com/sites/crmdocs/avtx_legalcontract/73384/Kaiser Foundation Healthplan - Cotiviti - Work Order #4 - TE - 11172023 - Dynamics_73384.pdf,Kaiser Permanente,Population Health Management
72683,Horizon Blue Cross Blue Shield of New Jersey - Cotiviti - Amendment,https://cotiviti.sharepoint.com/sites/crmdocs/avtx_legalcontract/72683/Horizon Blue Cross Blue Shield of New Jersey - Cotiviti - Amendment #2 - JK - 12152023 - Dynamics_72683.pdf,Horizon Blue Cross Blue Shield of New Jersey,Payment Accuracy
72177,Lifetime Benefit Solutions - Cotiviti - SOW,https://cotiviti.sharepoint.com/sites/crmdocs/avtx_legalcontract/72177/Lifetime Benefit Solutions - Cotiviti - SOW#9 - MS - 12182023 - Dynamics_72177.pdf,Excellus BlueCross BlueShield,Payment Accuracy
72768,Highmark - Cotiviti - AMD,https://cotiviti.sharepoint.com/sites/crmdocs/avtx_legalcontract/72768/Highmark - Cotiviti - AMD #1 to SOW #2 - JK - 12222023 - Dynamics_72768.pdf,Highmark Blue Cross Blue Shield,Payment Accuracy
73627,Kaiser Foundation Health Plan - Cotiviti - Work Order,https://cotiviti.sharepoint.com/sites/crmdocs/avtx_legalcontract/73627/Kaiser Foundation Health Plan - Cotiviti - Work Order #5 - TE - 12142023 - Dynamics_73627.pdf,Kaiser Permanente,Population Health Management
73300,Centene Corporation - Cotiviti  - Change order,https://cotiviti.sharepoint.com/sites/crmdocs/avtx_legalcontract/73300/Centene Corporation - Cotiviti  - Change order #1 - TE - 12052023 - Dynamics_73300.pdf,Centene Corporation,Population Health Management
73413,Humana - Cotiviti - Amendment,https://cotiviti.sharepoint.com/sites/crmdocs/avtx_legalcontract/73413/Humana - Cotiviti - Amendment #3 - JK - 12132023 - Dynamics_73413.pdf,Humana,Quality Improvement
73336,Humana - Cotiviti - Amendment,https://cotiviti.sharepoint.com/sites/crmdocs/avtx_legalcontract/73336/Humana - Cotiviti - Amendment #4 - JK - 12132023 - Dynamics_73336.pdf,Humana,Quality Improvement
81821,Elevance Health_CO3022 SOW2721_SME Services_fully executed 12182023.pdf,https://cotiviti.sharepoint.com/sites/crmdocs/avtx_legalcontract/81821/Elevance Health_CO3022 SOW2721_SME Services_fully executed 12182023.pdf,"Anthem, Inc (WellPoint, Inc.)",Edifecs
73319,Kaiser Permanente of Hawaii - Cotiviti - Work Order,https://cotiviti.sharepoint.com/sites/crmdocs/avtx_legalcontract/73319/Kaiser Permanente of Hawaii - Cotiviti - Work Order #5 to SOW #4 - DM - 11162023 - Dynamics_73319.pdf,Kaiser Permanente of Hawaii,Quality Improvement
72938,Highmark Blue Cross Blue Shield - Cotiviti - Work Order,https://cotiviti.sharepoint.com/sites/crmdocs/avtx_legalcontract/72938/Highmark Blue Cross Blue Shield - Cotiviti - Work Order #9 - JK - 11162023 - Dynamics_72938.pdf,Highmark Blue Cross Blue Shield,Quality Improvement
82964,University of Pittsburgh Med Center Third Party Compyter System Access Agreement_fully executed 10322023.pdf,https://cotiviti.sharepoint.com/sites/crmdocs/avtx_legalcontract/82964/University of Pittsburgh Med Center Third Party Compyter System Access Agreement_fully executed 10322023.pdf,UPMC Health Plan,Edifecs
73121,United HealthCare Services - Cotiviti - Amendment,https://cotiviti.sharepoint.com/sites/crmdocs/avtx_legalcontract/73121/United HealthCare Services - Cotiviti - Amendment #3 - TE - 12262023 - Dynamics_73121.pdf,United HealthCare Services,Population Health Management
72545,"Independent Health Association, Inc. - Cotiviti - Amendment","https://cotiviti.sharepoint.com/sites/crmdocs/avtx_legalcontract/72545/Independent Health Association, Inc. - Cotiviti - Amendment #1 - AS - 10312023 - Dynamics_72545.pdf","Independent Health Association, Inc.",Risk Adjustment
82151,Aetna_Software as a Service Attachment_CW2551536_fully executed 01042024.pdf,https://cotiviti.sharepoint.com/sites/crmdocs/avtx_legalcontract/82151/Aetna_Software as a Service Attachment_CW2551536_fully executed 01042024.pdf,Aetna Life Insurance Company,Edifecs
73286,UHC - Cotiviti - Amendment,https://cotiviti.sharepoint.com/sites/crmdocs/avtx_legalcontract/73286/UHC - Cotiviti - Amendment #3 to SOW #248 - TE - 12012023 - Dynamics_73286.pdf,United HealthCare Services,Population Health Management
73008,Blue Cross Blue Shield of Michigan - Cotiviti - SOW,https://cotiviti.sharepoint.com/sites/crmdocs/avtx_legalcontract/73008/Blue Cross Blue Shield of Michigan - Cotiviti - SOW#11-25356-2 - JK - 09292023 - Dynamics_73008.pdf,Blue Cross and Blue Shield of Michigan,Payment Accuracy
70865,UHC - Cotiviti - CO,https://cotiviti.sharepoint.com/sites/crmdocs/avtx_legalcontract/70865/UHC - Cotiviti - CO#9 to SOW#192 - Optum Rx Refill Reminder - TE - 09292023 - Dynamics_70865.pdf,United HealthCare Services,Population Health Management
72003,Excellus Health Plan - Cotiviti Amendment,https://cotiviti.sharepoint.com/sites/crmdocs/avtx_legalcontract/72003/Excellus Health Plan - Cotiviti Amendment#1 - JK - 09122023 - Dynamics_72003.pdf,Excellus BlueCross BlueShield,Payment Accuracy
72326,Elevance - Cotiviti - Amendment,https://cotiviti.sharepoint.com/sites/crmdocs/avtx_legalcontract/72326/Elevance - Cotiviti - Amendment #5 to SOW #620 - TE - 12082023 - Dynamics_72326.pdf,"Anthem, Inc (WellPoint, Inc.)",Population Health Management
72643,Highmark - Cotiviti - Work Order,https://cotiviti.sharepoint.com/sites/crmdocs/avtx_legalcontract/72643/Highmark - Cotiviti - Work Order#7 - JK - 08312023 - Dynamics_72643.pdf,Highmark Blue Cross Blue Shield,Risk Adjustment
71381,Elevance - Cotiviti - AMD,https://cotiviti.sharepoint.com/sites/crmdocs/avtx_legalcontract/71381/Elevance - Cotiviti - AMD#1 Medicaid TX â€“ Autism Flyer Email - TE - 08212023 - Dynamics - 71381.pdf,"Anthem, Inc (WellPoint, Inc.)",Population Health Management
81817,Elevance_Amend 2 to MSLA_Material Changes & SaaS Update_FE 15Aug2023.pdf,https://cotiviti.sharepoint.com/sites/crmdocs/avtx_legalcontract/81817/Elevance_Amend 2 to MSLA_Material Changes & SaaS Update_FE 15Aug2023.pdf,"Anthem, Inc (WellPoint, Inc.)",Edifecs
72607,UHC - Cotiviti - Change Order,https://cotiviti.sharepoint.com/sites/crmdocs/avtx_legalcontract/72607/UHC - Cotiviti - Change Order #1 to SOW #190 - TE - 08142023 - Dynamics_72607.pdf,United HealthCare Services,Population Health Management
83199,Centene-Availity_Data Use Agreement_fully executed 08012023.pdf,https://cotiviti.sharepoint.com/sites/crmdocs/avtx_legalcontract/83199/Centene-Availity_Data Use Agreement_fully executed 08012023.pdf,Centene Corporation,Edifecs
82264,HCSC_Minimum Requirement Security Addendum Amendment 1_fully executed 07242023.pdf,https://cotiviti.sharepoint.com/sites/crmdocs/avtx_legalcontract/82264/HCSC_Minimum Requirement Security Addendum Amendment 1_fully executed 07242023.pdf,Health Care Service Corporation,Edifecs
82256,Edifecs Horizon NDA fully executed 07212023.pdf,https://cotiviti.sharepoint.com/sites/crmdocs/avtx_legalcontract/82256/Edifecs Horizon NDA fully executed 07212023.pdf,Horizon Blue Cross Blue Shield of New Jersey,Edifecs
72117,UHC - Cotiviti - Change Order,https://cotiviti.sharepoint.com/sites/crmdocs/avtx_legalcontract/72117/UHC - Cotiviti - Change Order #6 to SOW 229 - TE - 07142023 - Dynamics_72117.pdf,United HealthCare Services,Population Health Management
72205,UPMC Health Plan - Cotiviti -  Change Order,https://cotiviti.sharepoint.com/sites/crmdocs/avtx_legalcontract/72205/UPMC Health Plan - Cotiviti -  Change Order #3 - TE - 06292023 - Dynamics_72205.pdf,UPMC Health Plan,Population Health Management
72301,Blue Cross and Blue Shield of Michigan - Cotiviti - Amendment,https://cotiviti.sharepoint.com/sites/crmdocs/avtx_legalcontract/72301/Blue Cross and Blue Shield of Michigan - Cotiviti - Amendment #1 - JK - 06252023 - Dynamics_72301.pdf,Blue Cross and Blue Shield of Michigan,Payment Accuracy
73007,BCBSM - Cotiviti - SOW,https://cotiviti.sharepoint.com/sites/crmdocs/avtx_legalcontract/73007/BCBSM - Cotiviti - SOW#11 - JK - 09282023 - Dynamics_73007.pdf,Blue Cross and Blue Shield of Michigan,Payment Accuracy
82960,UHS_Peoples Health Plan_Order 6_PQ13318_Coding & Claims Insight_FE 29June2023.pdf,https://cotiviti.sharepoint.com/sites/crmdocs/avtx_legalcontract/82960/UHS_Peoples Health Plan_Order 6_PQ13318_Coding & Claims Insight_FE 29June2023.pdf,United HealthCare Services,Edifecs
71535,Aetna - Cotiviti - Addendum,https://cotiviti.sharepoint.com/sites/crmdocs/avtx_legalcontract/71535/Aetna - Cotiviti - Addendum #1 - JK - 07302023 - Dynamics_71535.pdf,Aetna Life Insurance Company,Payment Accuracy
71648,Elevance Health - Cotiviti - Work Order,https://cotiviti.sharepoint.com/sites/crmdocs/avtx_legalcontract/71648/Elevance Health - Cotiviti - Work Order #5 - JK - 06292023 - Dynamics_71648.pdf,"Anthem, Inc (WellPoint, Inc.)",Quality Improvement
70947,Elevance Health - Cotiviti - CO,https://cotiviti.sharepoint.com/sites/crmdocs/avtx_legalcontract/70947/Elevance Health - Cotiviti - CO #2 - TE - 05302023 - Dynamics_70947.pdf,"Anthem, Inc (WellPoint, Inc.)",Population Health Management
71655,Elevance Health - Cotiviti - Change Order,https://cotiviti.sharepoint.com/sites/crmdocs/avtx_legalcontract/71655/Elevance Health - Cotiviti - Change Order #3 - TE - 05232023 - Dynamics_71655.pdf,"Anthem, Inc (WellPoint, Inc.)",Population Health Management
71554,Kaiser Foundation Health Plan - Cotiviti - SOW CO,https://cotiviti.sharepoint.com/sites/crmdocs/avtx_legalcontract/71554/Kaiser Foundation Health Plan - Cotiviti - SOW CO #3 - MS - 05112023 - Dynamics_71554.pdf,Kaiser Permanente,Payment Accuracy
71839,United Health Care Services - Cotiviti - CO,https://cotiviti.sharepoint.com/sites/crmdocs/avtx_legalcontract/71839/United Health Care Services - Cotiviti - CO #4 to SOW #272 - TE - 05042023 - Dynamics_71839.pdf,United HealthCare Services,Population Health Management
71451,Aetna Life Insurance Company - Cotiviti - Amendment,https://cotiviti.sharepoint.com/sites/crmdocs/avtx_legalcontract/71451/Aetna Life Insurance Company - Cotiviti - Amendment #2 - JK - 10092023 - Dynamics_71451.pdf,Aetna Life Insurance Company,Payment Accuracy
71077,Western Health Advantage - Cotiviti - AMD - AS - 04122023 - Dynamics _71077.pdf,https://cotiviti.sharepoint.com/sites/crmdocs/avtx_legalcontract/71077/Western Health Advantage - Cotiviti - AMD - AS - 04122023 - Dynamics _71077.pdf,Western Health Advantage,Risk Adjustment
82958,UHC_OptumCare_Order 2 Amend 2_PQ11225 &13160_EM OnPrem_FE 12April2023.pdf,https://cotiviti.sharepoint.com/sites/crmdocs/avtx_legalcontract/82958/UHC_OptumCare_Order 2 Amend 2_PQ11225 &13160_EM OnPrem_FE 12April2023.pdf,United HealthCare Services,Edifecs
71561,Kaiser Foundation Hospitals - Cotiviti -  WO,https://cotiviti.sharepoint.com/sites/crmdocs/avtx_legalcontract/71561/Kaiser Foundation Hospitals - Cotiviti -  WO #4 to SOW #4 - JK - 04122023 - Dynamics_71561.pdf,Kaiser Permanente of Hawaii,Quality Improvement
71693,UPMC Health Plan - Cotiviti - SOW,https://cotiviti.sharepoint.com/sites/crmdocs/avtx_legalcontract/71693/UPMC Health Plan - Cotiviti - SOW #6 - JK - 04072023 - Dynamics_68575.pdf,UPMC Health Plan,Payment Accuracy
71714,UHC - Cotiviti - Amendment,https://cotiviti.sharepoint.com/sites/crmdocs/avtx_legalcontract/71714/UHC - Cotiviti - Amendment #3 to SOW 190 - TE - 06302023 - Dynamics_71714.pdf,United HealthCare Services,Population Health Management
71556,Kaiser Permanente - Cotiviti - SOW - Change Order,https://cotiviti.sharepoint.com/sites/crmdocs/avtx_legalcontract/71556/Kaiser Permanente - Cotiviti - SOW - Change Order#3 - MS - 05112023 - Dynamics_71556.pdf,Kaiser Permanente,Payment Accuracy
68575,Pages from UPMC Health Plan - Cotiviti - SOW,https://cotiviti.sharepoint.com/sites/crmdocs/avtx_legalcontract/68575/Pages from UPMC Health Plan - Cotiviti - SOW #6 - JK - 04072023 - Dynamics_68575.pdf,UPMC Health Plan,Payment Accuracy
71244,Highmark - Cotiviti - WO,https://cotiviti.sharepoint.com/sites/crmdocs/avtx_legalcontract/71244/Highmark - Cotiviti - WO #10 - SC - 03172023 - Dynamics_71244.pdf,Highmark Blue Cross Blue Shield,Quality Improvement
71235,Kaiser Foundation Hospitals - Cotiviti - AMD,https://cotiviti.sharepoint.com/sites/crmdocs/avtx_legalcontract/71235/Kaiser Foundation Hospitals - Cotiviti - AMD #2 - SC - 03092023 - Dynamics_71235.pdf,Kaiser Permanente of Hawaii,Quality Improvement
70885,Kaiser Foundation Hospitals - Cotiviti - WO,https://cotiviti.sharepoint.com/sites/crmdocs/avtx_legalcontract/70885/Kaiser Foundation Hospitals - Cotiviti - WO #3 to SOW #4 - SC - 03092023 - Dynamics_70885.pdf,Kaiser Permanente of Hawaii,Quality Improvement
70922,Elevance Health - Cotiviti - Change Order,https://cotiviti.sharepoint.com/sites/crmdocs/avtx_legalcontract/70922/Elevance Health - Cotiviti - Change Order #2 - TE - 02172023 - Dynamics_70922.pdf,"Anthem, Inc (WellPoint, Inc.)",Population Health Management
70770,Highmark- BCBSMN - Cotiviti - Change Order,https://cotiviti.sharepoint.com/sites/crmdocs/avtx_legalcontract/70770/Highmark- BCBSMN - Cotiviti - Change Order #6 - TE - 02172023 - Dynamics_70770.pdf,Highmark Blue Cross Blue Shield,Population Health Management
70464,Elevance Health - Cotiviti - Change order,https://cotiviti.sharepoint.com/sites/crmdocs/avtx_legalcontract/70464/Elevance Health - Cotiviti - Change order #1 - JK - 02142023 - Dynamics_70464.pdf,"Anthem, Inc (WellPoint, Inc.)",Population Health Management
69449,Elevance Health - Cotiviti - Change Order,https://cotiviti.sharepoint.com/sites/crmdocs/avtx_legalcontract/69449/Elevance Health - Cotiviti - Change Order #1 - JK - 02072023 - Dynamics_69449.pdf,"Anthem, Inc (WellPoint, Inc.)",Population Health Management
68250,Anthem  - Cotiviti - CO,https://cotiviti.sharepoint.com/sites/crmdocs/avtx_legalcontract/68250/Anthem  - Cotiviti - CO #1 - KW - 02022023 - Dynamics_68250.pdf,"Anthem, Inc (WellPoint, Inc.)",Population Health Management
70909,United HealthCare Services - Cotiviti - SOW,https://cotiviti.sharepoint.com/sites/crmdocs/avtx_legalcontract/70909/United HealthCare Services - Cotiviti - SOW #281 - TE - 03132023 - Dynamics_70909.pdf,United HealthCare Services,Population Health Management
70117,Anthem - Cotiviti - Amendment,https://cotiviti.sharepoint.com/sites/crmdocs/avtx_legalcontract/70117/Anthem - Cotiviti - Amendment #1 - TE 01312023 - Dynamics_70117.pdf,"Anthem, Inc (WellPoint, Inc.)",Population Health Management
70990,onedrive.aspx,https://cotiviti-my.sharepoint.com/personal/tracy_stanesick_cotiviti_com/_layouts/15/onedrive.aspx?id=%2Fsites%2Flegal%2Fcontracts%2FGBACC%2F1%2E%20Cotiviti%20GOV%20Services%20Contracts%20%28fka%20HMS%20Federal%29%2F1%2E%20Humana%20T5%20HEDIS%20SubK%205031176&listurl=https%3A%2F%2Fcotiviti%2Esharepoint%2Ecom%2Fsites%2Flegal%2Fcontracts%2FGBACC&remoteItem=%7B%22mp%22%3A%7B%22webAbsoluteUrl%22%3A%22https%3A%2F%2Fcotiviti%2Dmy%2Esharepoint%2Ecom%2Fpersonal%2Ftracy%5Fstanesick%5Fcotiviti%5Fcom%22%2C%22listFullUrl%22%3A%22https%3A%2F%2Fcotiviti%2Dmy%2Esharepoint%2Ecom%2Fpersonal%2Ftracy%5Fstanesick%5Fcotiviti%5Fcom%2FDocuments%22%2C%22rootFolder%22%3A%22%2Fpersonal%2Ftracy%5Fstanesick%5Fcotiviti%5Fcom%2FDocuments%2FGovernment%20Business%20Agreements%22%7D%2C%22rsi%22%3A%7B%22listFullUrl%22%3A%22https%3A%2F%2Fcotiviti%2Esharepoint%2Ecom%2Fsites%2Flegal%2Fcontracts%2FGBACC%22%2C%22rootFolder%22%3A%22%2Fsites%2Flegal%2Fcontracts%2FGBACC%2F1%2E%20Cotiviti%20GOV%20Services%20Contracts%20%28fka%20HMS%20Federal%29%2F1%2E%20Humana%20T5%20HEDIS%20SubK%205031176%22%2C%22webAbsoluteUrl%22%3A%22https%3A%2F%2Fcotiviti%2Esharepoint%2Ecom%2Fsites%2Flegal%2Fcontracts%22%7D%7D&viewid=bb4d3629%2D58fa%2D44f4%2Da44e%2D0620fdd793a8,"Humana Government Business, Inc.",Quality Improvement
70806,Elevance Health - Cotiviti - Amendment,https://cotiviti.sharepoint.com/sites/crmdocs/avtx_legalcontract/70806/Elevance Health - Cotiviti - Amendment #7 - MS - 06162023 - Dynamics_70806.pdf,"Anthem, Inc (WellPoint, Inc.)",Payment Accuracy
70610,United HealthCare Services - Cotiviti - Amendment,https://cotiviti.sharepoint.com/sites/crmdocs/avtx_legalcontract/70610/United HealthCare Services - Cotiviti - Amendment #1 - JK - 06152023 - Dynamics_70610.pdf,United HealthCare Services,Population Health Management
69676,Humana - Cotiviti - Amendment,https://cotiviti.sharepoint.com/sites/crmdocs/avtx_legalcontract/69676/Humana - Cotiviti - Amendment #8 - AS - 12222022 - Dynamics_69676.pdf,Humana,Risk Adjustment
82049,Humana_Exhibit A-17_120722_Fully executed.pdf,https://cotiviti.sharepoint.com/sites/crmdocs/avtx_legalcontract/82049/Humana_Exhibit A-17_120722_Fully executed.pdf,Humana,Edifecs
70150,Highmark - Cotiviti - Amendment,https://cotiviti.sharepoint.com/sites/crmdocs/avtx_legalcontract/70150/Highmark - Cotiviti - Amendment #30 - TE - 12232022 - Dynamics_70150.pdf,Highmark Blue Cross Blue Shield,Performance Analytics
70564,Kaiser Permanente - Cotiviti - Work Order - JK - 12162022 - Dynamics_70564.pdf,https://cotiviti.sharepoint.com/sites/crmdocs/avtx_legalcontract/70564/Kaiser Permanente - Cotiviti - Work Order - JK - 12162022 - Dynamics_70564.pdf,Kaiser Permanente,Population Health Management
70094,Highmark - Cotiviti  - WO,https://cotiviti.sharepoint.com/sites/crmdocs/avtx_legalcontract/70094/Highmark - Cotiviti  - WO#9 - SC - 12152022 - Dynamics_70094.pdf,Highmark Blue Cross Blue Shield,Quality Improvement
59700,Excellus  - Cotiviti -  Amd SOW,https://cotiviti.sharepoint.com/sites/crmdocs/avtx_legalcontract/59700/Excellus  - Cotiviti -  Amd SOW#8  - JK - 12152022 - Dynamics_59700.pdf,Excellus BlueCross BlueShield,Payment Accuracy
69863,Highmark - Cotiviti - WO,https://cotiviti.sharepoint.com/sites/crmdocs/avtx_legalcontract/69863/Highmark - Cotiviti - WO #8 - SC - 11272022 - Dynamics_69863.pdf,Highmark Blue Cross Blue Shield,Quality Improvement
69295,Elevance Health - Cotiviti - Change Order,https://cotiviti.sharepoint.com/sites/crmdocs/avtx_legalcontract/69295/Elevance Health - Cotiviti - Change Order #3 - JK - 11162022 - Dynamics_69295.pdf,"Anthem, Inc (WellPoint, Inc.)",Population Health Management
69785,Highmark - Cotiviti - Work Order,https://cotiviti.sharepoint.com/sites/crmdocs/avtx_legalcontract/69785/Highmark - Cotiviti - Work Order #7 - SC - 10212022-Dynamics_69785.pdf,Highmark Blue Cross Blue Shield,Quality Improvement
69405,Cotiviti Inc WO,https://cotiviti.sharepoint.com/sites/crmdocs/avtx_legalcontract/69405/Cotiviti Inc WO #6 to BCBSMN HEDIS QI SOW - Signed.pdf,Highmark Blue Cross Blue Shield,Quality Improvement
69403,Highmark - Cotiviti -  WO,https://cotiviti.sharepoint.com/sites/crmdocs/avtx_legalcontract/69403/Highmark - Cotiviti -  WO #5 - SC - 10052022 - Dynamics_69403.pdf,Highmark Blue Cross Blue Shield,Quality Improvement
68617,Health Net - Cotiviti - Addendum,https://cotiviti.sharepoint.com/sites/crmdocs/avtx_legalcontract/68617/Health Net - Cotiviti - Addendum #3 - JK - 10182022 - Dynamics_68617.pdf,Centene Corporation,Payment Accuracy
69550,Elevance Health - Cotiviti - Change Order,https://cotiviti.sharepoint.com/sites/crmdocs/avtx_legalcontract/69550/Elevance Health - Cotiviti - Change Order #2 - KW - 09282022 - Dynamics_69550.pdf,"Anthem, Inc (WellPoint, Inc.)",Population Health Management
69317,Elevance Health - Cotiviti - Change Order,https://cotiviti.sharepoint.com/sites/crmdocs/avtx_legalcontract/69317/Elevance Health - Cotiviti - Change Order #1 - KW - 09262022 - Dynamics_62594.pdf,"Anthem, Inc (WellPoint, Inc.)",Population Health Management
66287,Excellus Health Plan - Cotiviti - Amendment,https://cotiviti.sharepoint.com/sites/crmdocs/avtx_legalcontract/66287/Excellus Health Plan - Cotiviti - Amendment #1 - SC - 09202022 - Dynamics_66287.pdf,Excellus BlueCross BlueShield,Quality Improvement
68722,Highmark- BCBSMN - Cotiviti - Change Order,https://cotiviti.sharepoint.com/sites/crmdocs/avtx_legalcontract/68722/Highmark- BCBSMN - Cotiviti - Change Order #5 - KW - 08162022 - 68722.pdf,Highmark Blue Cross Blue Shield,Population Health Management
62313,Health Care Service Corporation - Cotiviti - AMD,https://cotiviti.sharepoint.com/sites/crmdocs/avtx_legalcontract/62313/Health Care Service Corporation - Cotiviti - AMD #8 - JK - 11202022 - Dynamics_62313.pdf,Health Care Service Corporation,Payment Accuracy
68854,Highmark - Cotiviti - Amdt,https://cotiviti.sharepoint.com/sites/crmdocs/avtx_legalcontract/68854/Highmark - Cotiviti - Amdt #6 - SC - 09302022 - Dynamics_ 68854.pdf,Highmark Blue Cross Blue Shield,Quality Improvement
68619,Kaiser Foundation Health Plan - Cotiviti - Change Order,https://cotiviti.sharepoint.com/sites/crmdocs/avtx_legalcontract/68619/Kaiser Foundation Health Plan - Cotiviti - Change Order #2 - JK - 06082022 - Dynamics_68619.PDF,Kaiser Permanente,Payment Accuracy
66493,Kaiser - Cotiviti - AMD,https://cotiviti.sharepoint.com/sites/crmdocs/avtx_legalcontract/66493/Kaiser - Cotiviti - AMD#10 RCA and CCV Extension - JK - 03062022 - Dynamics_66493.pdf,Kaiser Permanente,Payment Accuracy
66189,CVS Pharmacy - Cotiviti - Change Order,https://cotiviti.sharepoint.com/sites/crmdocs/avtx_legalcontract/66189/CVS Pharmacy - Cotiviti - Change Order #1 - KW - 06072022 - Dynamics_66189.pdf,Aetna Life Insurance Company,Population Health Management
68119,"Anthem, Inc (WellPoint, Inc.) - Cotiviti - Amendment","https://cotiviti.sharepoint.com/sites/crmdocs/avtx_legalcontract/68119/Anthem, Inc (WellPoint, Inc.) - Cotiviti - Amendment #3 - KW - 05262022 - Dynamics_68119.pdf","Anthem, Inc (WellPoint, Inc.)",Population Health Management
68600,Aetna Life Insurance Company - Cotiviti - Amendment,https://cotiviti.sharepoint.com/sites/crmdocs/avtx_legalcontract/68600/Aetna Life Insurance Company - Cotiviti - Amendment #3 - JK - 06072022 - Dynamics_68600.pdf,Aetna Life Insurance Company,Payment Accuracy
67567,United HealthCare Services - Cotiviti - Amendment,https://cotiviti.sharepoint.com/sites/crmdocs/avtx_legalcontract/67567/United HealthCare Services - Cotiviti - Amendment #3 - LW - 05162022 - Dynamics_67567.pdf,United HealthCare Services,Population Health Management
81815,Anthem_BAA(PQ 12827)_04222022_fully executed.pdf,https://cotiviti.sharepoint.com/sites/crmdocs/avtx_legalcontract/81815/Anthem_BAA(PQ 12827)_04222022_fully executed.pdf,"Anthem, Inc (WellPoint, Inc.)",Edifecs
67852,United HealthCare Services - Cotiviti - Amendment,https://cotiviti.sharepoint.com/sites/crmdocs/avtx_legalcontract/67852/United HealthCare Services - Cotiviti - Amendment #5 - KW - 04262022 - Dynamics_67852.pdf,United HealthCare Services,Population Health Management
67612,Horizon HS - Cotiviti -  Add,https://cotiviti.sharepoint.com/sites/crmdocs/avtx_legalcontract/67612/Horizon HS - Cotiviti -  Add#2  - JK - 03222022 - Dynamics_67612.pdf,Horizon Blue Cross Blue Shield of New Jersey,Payment Accuracy
67593,United HealthCare Services - Cotiviti - Amendment,https://cotiviti.sharepoint.com/sites/crmdocs/avtx_legalcontract/67593/United HealthCare Services - Cotiviti - Amendment #1 - KW - 03222022 - Dynamics_67593.pdf,United HealthCare Services,Population Health Management
83069,HighMark Letter_02.08.2022.pdf,https://cotiviti.sharepoint.com/sites/crmdocs/avtx_legalcontract/83069/HighMark Letter_02.08.2022.pdf,Highmark Blue Cross Blue Shield,Edifecs
66452,Kaiser Permanente - Cotiviti - Work Order - KW - 05012022 - Dynamics_66452.pdf,https://cotiviti.sharepoint.com/sites/crmdocs/avtx_legalcontract/66452/Kaiser Permanente - Cotiviti - Work Order - KW - 05012022 - Dynamics_66452.pdf,Kaiser Permanente,Population Health Management
66473,Kaiser Permanente of Hawaii - Cotiviti - Work Order,https://cotiviti.sharepoint.com/sites/crmdocs/avtx_legalcontract/66473/Kaiser Permanente of Hawaii - Cotiviti - Work Order #1 - SC - 01112022 - Dynamics_66473.pdf,Kaiser Permanente of Hawaii,Quality Improvement
66368,Blue Cross and Blue Shield of Louisiana - Cotiviti - Amendment,https://cotiviti.sharepoint.com/sites/crmdocs/avtx_legalcontract/66368/Blue Cross and Blue Shield of Louisiana - Cotiviti - Amendment #1 - JK - 12162021 - Dynamics_66368.pdf,Blue Cross and Blue Shield of Louisiana,Payment Accuracy
66268,Kaiser Permanente - Cotiviti - Work Order - KW - 12092021 - Dynamics_66268.pdf,https://cotiviti.sharepoint.com/sites/crmdocs/avtx_legalcontract/66244/Kaiser Permanente - Cotiviti - Work Order - KW - 12092021 - Dynamics_66268.pdf,Kaiser Permanente,Population Health Management
66311,"Anthem, Inc (WellPoint, Inc.) - Eliza - Amendment","https://cotiviti.sharepoint.com/sites/crmdocs/avtx_legalcontract/66311/Anthem, Inc (WellPoint, Inc.) - Eliza - Amendment #1 - KW - 03242022 - Dynamics_66311.pdf","Anthem, Inc (WellPoint, Inc.)",Population Health Management
63334,Kaiser Permanente - Cotiviti - Work Order - JK - 11192021 - Dynamics_63334.pdf,https://cotiviti.sharepoint.com/sites/crmdocs/avtx_legalcontract/63334/Kaiser Permanente - Cotiviti - Work Order - JK - 11192021 - Dynamics_63334.pdf,Kaiser Permanente,Population Health Management
61094,Kaiser Foundation Health Plan - Cotiviti - Amendment,https://cotiviti.sharepoint.com/sites/crmdocs/avtx_legalcontract/61094/Kaiser Foundation Health Plan - Cotiviti - Amendment #4 - SC - 10292021 - Dynamics_61094.pdf,Kaiser Permanente of Hawaii,Quality Improvement
82755,Horizon BCBSNJ_Federal_Covid-19_Mandate_LOA_11192021.pdf,https://cotiviti.sharepoint.com/sites/crmdocs/avtx_legalcontract/82755/Horizon BCBSNJ_Federal_Covid-19_Mandate_LOA_11192021.pdf,Horizon Blue Cross Blue Shield of New Jersey,Edifecs
82155,Aetna_MBA_Amend4_IL Regulatory Addenda_10062021_fully executed.pdf,https://cotiviti.sharepoint.com/sites/crmdocs/avtx_legalcontract/82155/Aetna_MBA_Amend4_IL Regulatory Addenda_10062021_fully executed.pdf,Aetna Life Insurance Company,Edifecs
81822,Elevance_CO3215 to SOW2748_FE.pdf,https://cotiviti.sharepoint.com/sites/crmdocs/avtx_legalcontract/81822/Elevance_CO3215 to SOW2748_FE.pdf,"Anthem, Inc (WellPoint, Inc.)",Edifecs
63230,AMD,https://cotiviti.sharepoint.com/sites/crmdocs/avtx_legalcontract/63230/AMD#1 to NJ Health SOW#2 adding CV and CCV 10-8-21.pdf,Horizon Blue Cross Blue Shield of New Jersey,Payment Accuracy
61747,AMD,https://cotiviti.sharepoint.com/sites/crmdocs/avtx_legalcontract/61747/AMD#1 to PCA SOW#1 adding CV and CCV 10-8-21.pdf,Horizon Blue Cross Blue Shield of New Jersey,Payment Accuracy
62865,Horizon - Cotiviti - AMD,https://cotiviti.sharepoint.com/sites/crmdocs/avtx_legalcontract/62865/Horizon - Cotiviti - AMD #10 - DS - 10112021 - Dynamics_62865.Pdf,Horizon Blue Cross Blue Shield of New Jersey,Payment Accuracy
62105,HCSC-Cotiviti-Amendment,https://cotiviti.sharepoint.com/sites/crmdocs/avtx_legalcontract/62105/HCSC-Cotiviti-Amendment#5-MSA-DS-6282021-Dynamics_ 62105.pdf,Health Care Service Corporation,Payment Accuracy
62104,HCSC-Cotiviti-AMD,https://cotiviti.sharepoint.com/sites/crmdocs/avtx_legalcontract/62104/HCSC-Cotiviti-AMD#12 to MSA-DS-6282021-Dynamics_62104.pdf,Health Care Service Corporation,Payment Accuracy
82128,Highmark_TM_Order Form 2_SOW2143 and 2144_06282021_partially executed.pdf,https://cotiviti.sharepoint.com/sites/crmdocs/avtx_legalcontract/82128/Highmark_TM_Order Form 2_SOW2143 and 2144_06282021_partially executed.pdf,Highmark Blue Cross Blue Shield,Edifecs
82154,Aetna_MBA_Amend3_Regulatory Addenda_03092021_fully executed.pdf,https://cotiviti.sharepoint.com/sites/crmdocs/avtx_legalcontract/82154/Aetna_MBA_Amend3_Regulatory Addenda_03092021_fully executed.pdf,Aetna Life Insurance Company,Edifecs
81742,Horizon_BCBSNJ_CO to SOW2050_CO2151_03102021_fully executed.pdf,https://cotiviti.sharepoint.com/sites/crmdocs/avtx_legalcontract/81742/Horizon_BCBSNJ_CO to SOW2050_CO2151_03102021_fully executed.pdf,Horizon Blue Cross Blue Shield of New Jersey,Edifecs
82959,UHC_WellMed_Order 4_PQ11502_TM & EM OnPrem Perp_FE 23Dec2020 (1).pdf,https://cotiviti.sharepoint.com/sites/crmdocs/avtx_legalcontract/82959/UHC_WellMed_Order 4_PQ11502_TM & EM OnPrem Perp_FE 23Dec2020 (1).pdf,United HealthCare Services,Edifecs
82285,HCSC_BAA Agreement_12292020_fully executed.pdf,https://cotiviti.sharepoint.com/sites/crmdocs/avtx_legalcontract/82285/HCSC_BAA Agreement_12292020_fully executed.pdf,Health Care Service Corporation,Edifecs
82267,HCSC_MSR_PII_12292020_fully executed.pdf,https://cotiviti.sharepoint.com/sites/crmdocs/avtx_legalcontract/82267/HCSC_MSR_PII_12292020_fully executed.pdf,Health Care Service Corporation,Edifecs
82153,Aetna_MBA_Amend2_updated CA Regulatory Addendum_12222020_fully executed.pdf,https://cotiviti.sharepoint.com/sites/crmdocs/avtx_legalcontract/82153/Aetna_MBA_Amend2_updated CA Regulatory Addendum_12222020_fully executed.pdf,Aetna Life Insurance Company,Edifecs
61209,Anthem-Cotiviti-AMD,https://cotiviti.sharepoint.com/sites/crmdocs/avtx_legalcontract/61209/Anthem-Cotiviti-AMD#5-JK-11302020-Dynamics_61209.pdf,"Anthem, Inc (WellPoint, Inc.)",Quality Improvement
83138,BCBSMI Vendor Offshore Contracting Status form NON CMS_06192020_edifecs signed.pdf,https://cotiviti.sharepoint.com/sites/crmdocs/avtx_legalcontract/83138/BCBSMI Vendor Offshore Contracting Status form NON CMS_06192020_edifecs signed.pdf,Blue Cross and Blue Shield of Michigan,Edifecs
58009,Humana - Cotiviti - AMD,https://cotiviti.sharepoint.com/sites/crmdocs/avtx_legalcontract/58009/Humana - Cotiviti - AMD#1 to Schedule 007 - JK - 05142020 - Dynamics 58009.pdf,Humana,Payment Accuracy
72257,37563_SIGNED_Anthem CE - LA Initial Health Screener Reminder Email & SMS Program - SOW 742 (11292).pdf,https://cotiviti.sharepoint.com/sites/crmdocs/avtx_legalcontract/64129/37563_SIGNED_Anthem CE - LA Initial Health Screener Reminder Email & SMS Program - SOW 742 (11292).pdf,"Anthem, Inc (WellPoint, Inc.)",Population Health Management
83142,BCBSMI_MLSA_FE 01April2020.pdf,https://cotiviti.sharepoint.com/sites/crmdocs/avtx_legalcontract/83142/BCBSMI_MLSA_FE 01April2020.pdf,Blue Cross and Blue Shield of Michigan,Edifecs
56084,Excellus - Cotiviti - SOW,https://cotiviti.sharepoint.com/sites/crmdocs/avtx_legalcontract/56084/Excellus - Cotiviti - SOW#7_CCV - DS - 03162020 - Dynamics 56084.pdf,Excellus BlueCross BlueShield,Payment Accuracy
82560,Health-Fidelity_UPMC Health Plan_SaaS and Services Agreement_Fully Signed_Eff. 01.01.2020.pdf,https://cotiviti.sharepoint.com/sites/crmdocs/avtx_legalcontract/82560/Health-Fidelity_UPMC Health Plan_SaaS and Services Agreement_Fully Signed_Eff. 01.01.2020.pdf,UPMC Health Plan,Edifecs
58083,Horizon NJ - Cotiviti - RCA SOW AMD,https://cotiviti.sharepoint.com/sites/crmdocs/avtx_legalcontract/58083/Horizon NJ - Cotiviti - RCA SOW AMD #8 - JK - 01032020 - Dynamics 58083.pdf,Horizon Blue Cross Blue Shield of New Jersey,Payment Accuracy
57940,Allways health - Cotiviti - RADV AMD3 - SEL - 112119 - Dynamics,https://cotiviti.sharepoint.com/sites/crmdocs/avtx_legalcontract/57940/Allways health - Cotiviti - RADV AMD3 - SEL - 112119 - Dynamics # 57940.pdf,"Mass General Brigham Health Plan f/k/a AllWays Health Partners Holding Company, Inc. f/k/a Partners HealthCare Insurance Holding Company",Risk Adjustment
57755,NHP - Work Order,https://cotiviti.sharepoint.com/sites/crmdocs/avtx_legalcontract/57755/NHP - Work Order #2 for HRADV Consulting 10-24-19_executed.pdf,"Mass General Brigham Health Plan f/k/a AllWays Health Partners Holding Company, Inc. f/k/a Partners HealthCare Insurance Holding Company",Risk Adjustment
63788,25972_SIGNED_Anthem AMERIGROUP CO1 to SOW470_ANRRETINHHW_SM_SP - 2020 RENEWAL -CO3405,https://cotiviti.sharepoint.com/sites/crmdocs/avtx_legalcontract/63788/25972_SIGNED_Anthem AMERIGROUP CO1 to SOW470_ANRRETINHHW_SM_SP - 2020 RENEWAL -CO3405 #8975.pdf,"Anthem, Inc (WellPoint, Inc.)",Population Health Management
63787,25974_SIGNED_Anthem AMERIGROUP - CO1_SOW471_ANRRETINHHW_F1_EM_SP - 2020 RENEWAL -CO3404,https://cotiviti.sharepoint.com/sites/crmdocs/avtx_legalcontract/63787/25974_SIGNED_Anthem AMERIGROUP - CO1_SOW471_ANRRETINHHW_F1_EM_SP - 2020 RENEWAL -CO3404 #8974.pdf,"Anthem, Inc (WellPoint, Inc.)",Population Health Management
63786,25966_SIGNED_Anthem AMERIGROUP CO3 to SOW419_ANRDISDC_SM_SP - 2020 RENEWAL - CO3406,https://cotiviti.sharepoint.com/sites/crmdocs/avtx_legalcontract/63786/25966_SIGNED_Anthem AMERIGROUP CO3 to SOW419_ANRDISDC_SM_SP - 2020 RENEWAL - CO3406 #8973.pdf,"Anthem, Inc (WellPoint, Inc.)",Population Health Management
82056,Humana_Exhibit A-8_10092019_fully executed.pdf,https://cotiviti.sharepoint.com/sites/crmdocs/avtx_legalcontract/82056/Humana_Exhibit A-8_10092019_fully executed.pdf,Humana,Edifecs
57953,Anthem - Cotiviti - Amendment,https://cotiviti.sharepoint.com/sites/crmdocs/avtx_legalcontract/57953/Anthem - Cotiviti - Amendment #19 Indiana NASCO - JK - 121919 - Dynamics 57953.pdf,"Anthem, Inc (WellPoint, Inc.)",Payment Accuracy
56773,Notice of Termination Letter for Verscend d-b-a Cotiviti - SOW,https://cotiviti.sharepoint.com/sites/crmdocs/avtx_legalcontract/56773/Notice of Termination Letter for Verscend d-b-a Cotiviti - SOW#1.doc.pdf,"Anthem, Inc (WellPoint, Inc.)",Risk Adjustment
82293,HCSC_NDA_04222019_fully executed.pdf,https://cotiviti.sharepoint.com/sites/crmdocs/avtx_legalcontract/82293/HCSC_NDA_04222019_fully executed.pdf,Health Care Service Corporation,Edifecs
65335,19157_CO,https://cotiviti.sharepoint.com/sites/crmdocs/avtx_legalcontract/65335/19157_CO#3108_IVR_Calls_for_Fit_Kits_fully exe.pdf,Kaiser Permanente,Population Health Management
54618,Anthem - Cotiviti - WO,https://cotiviti.sharepoint.com/sites/crmdocs/avtx_legalcontract/54618/Anthem - Cotiviti - WO#2 HEDIS admin refresh - SBC - 032819 - Executed DX 54618.pdf,"Anthem, Inc (WellPoint, Inc.)",Quality Improvement
55576,Wellmark - AMD,https://cotiviti.sharepoint.com/sites/crmdocs/avtx_legalcontract/55576/Wellmark - AMD# 10 to Services Agreement - Feb 2019 - ID#504 (8).pdf,Wellmark Blue Cross and Blue Shield of Iowa,Payment Accuracy
55656,BCBSLA - Cotiviti - SOW,https://cotiviti.sharepoint.com/sites/crmdocs/avtx_legalcontract/55656/BCBSLA - Cotiviti - SOW#1 to MSA (Sept 2018) [55656].pdf,Blue Cross and Blue Shield of Louisiana,Payment Accuracy
82034,BCBSTN_MLSA_08202018_fully executed (1).pdf,https://cotiviti.sharepoint.com/sites/crmdocs/avtx_legalcontract/82034/BCBSTN_MLSA_08202018_fully executed (1).pdf,Blue Cross Blue Shield of Tennessee,Edifecs
52033,NHP - Verscend - Amnd,https://cotiviti.sharepoint.com/sites/crmdocs/avtx_legalcontract/52033/NHP - Verscend - Amnd#2 to SOW for RADV -  SEL - 060118 - Executed DX 52033.pdf,"Mass General Brigham Health Plan f/k/a AllWays Health Partners Holding Company, Inc. f/k/a Partners HealthCare Insurance Holding Company",Risk Adjustment
55447,Horizon - POPA - Amendment to SOW,https://cotiviti.sharepoint.com/sites/crmdocs/avtx_legalcontract/55447/Horizon - POPA - Amendment to SOW #5136 (4-19-18) [55447].pdf,Horizon Blue Cross Blue Shield of New Jersey,Payment Accuracy
51868,Highmark - Cotiviti - NDA - JSW - 041318 - Dynamics_51868.pdf,https://cotiviti.sharepoint.com/sites/crmdocs/avtx_legalcontract/51868/Highmark - Cotiviti - NDA - JSW - 041318 - Dynamics_51868.pdf,Highmark Blue Cross Blue Shield,Payment Accuracy
55450,Horizon BCBS - AMD,https://cotiviti.sharepoint.com/sites/crmdocs/avtx_legalcontract/55450/Horizon BCBS - AMD #1 to Addendum#1 - SOW PCA (May 2018) [55450].pdf,Horizon Blue Cross Blue Shield of New Jersey,Payment Accuracy
83521,BCBSLA_BAA_01052018_fully executed.pdf,https://cotiviti.sharepoint.com/sites/crmdocs/avtx_legalcontract/83521/BCBSLA_BAA_01052018_fully executed.pdf,Blue Cross and Blue Shield of Louisiana,Edifecs
51317,Kaiser Permanente- Verscend - DxCG Amend,https://cotiviti.sharepoint.com/sites/crmdocs/avtx_legalcontract/51317/Kaiser Permanente- Verscend - DxCG Amend #9 to MSA - 032218 - Executed DS 51317.pdf,Kaiser Permanente,Performance Analytics
82957,UHC_Nevada_Order 2_EM XES OnPrem_FE 20Dec2017.pdf,https://cotiviti.sharepoint.com/sites/crmdocs/avtx_legalcontract/82957/UHC_Nevada_Order 2_EM XES OnPrem_FE 20Dec2017.pdf,United HealthCare Services,Edifecs
37323,BCBSMI - Verscend - Amdn,https://cotiviti.sharepoint.com/sites/crmdocs/avtx_legalcontract/00037323/BCBSMI - Verscend - Amdn#1 to MSA - SEL - 121817 - Executed DS 37323.pdf,Blue Cross and Blue Shield of Michigan,Payment Accuracy
82152,Aetna_Software Licence Attach to MBA_11302017_fully executed.pdf,https://cotiviti.sharepoint.com/sites/crmdocs/avtx_legalcontract/82152/Aetna_Software Licence Attach to MBA_11302017_fully executed.pdf,Aetna Life Insurance Company,Edifecs
82150,Aetna_Edifecs Master Business Agreement_fully executed 03November2017.pdf,https://cotiviti.sharepoint.com/sites/crmdocs/avtx_legalcontract/82150/Aetna_Edifecs Master Business Agreement_fully executed 03November2017.pdf,Aetna Life Insurance Company,Edifecs
55598,BCBS MI - MAPPO PrePay SOW,https://cotiviti.sharepoint.com/sites/crmdocs/avtx_legalcontract/55598/BCBS MI - MAPPO PrePay SOW#2 (1-91230) (Oct 2017) [55598].pdf,Blue Cross and Blue Shield of Michigan,Payment Accuracy
82055,Humana_Exhibit A-7_10022017_fully executed.pdf,https://cotiviti.sharepoint.com/sites/crmdocs/avtx_legalcontract/82055/Humana_Exhibit A-7_10022017_fully executed.pdf,Humana,Edifecs
37267,Anthem - Verscend - QHP Exhibit - Amendment,https://cotiviti.sharepoint.com/sites/crmdocs/avtx_legalcontract/00037267/Anthem - Verscend - QHP Exhibit - Amendment#3 - SEL - 110217 - Executed SF 37267.pdf,"Anthem, Inc (WellPoint, Inc.)",Risk Adjustment
37051,HCSC - Verscend - Amnd,https://cotiviti.sharepoint.com/sites/crmdocs/avtx_legalcontract/00037051/HCSC - Verscend - Amnd#9 to MSA - JSW - Executed SF 37051.pdf,Health Care Service Corporation,Payment Accuracy
83071,Highmark_Talix MSA_Executed.pdf,https://cotiviti.sharepoint.com/sites/crmdocs/avtx_legalcontract/83071/Highmark_Talix MSA_Executed.pdf,Highmark Blue Cross Blue Shield,Edifecs
83070,Highmark_Talix MSA_Executed.pdf,https://cotiviti.sharepoint.com/sites/crmdocs/avtx_legalcontract/83070/Highmark_Talix MSA_Executed.pdf,Highmark Blue Cross Blue Shield,Edifecs
36663,Santa Clara - Verscend - Amnd,https://cotiviti.sharepoint.com/sites/crmdocs/avtx_legalcontract/00036663/Santa Clara - Verscend - Amnd #1 MRA Change - SBC - 082417 - Executed SF 36663.pdf,Santa Clara Family Health Plan,Risk Adjustment
55402,(RCA) HCSC - Amend,https://cotiviti.sharepoint.com/sites/crmdocs/avtx_legalcontract/55402/(RCA) HCSC - Amend# 5 to MSA (August 2017) [55402].pdf,Health Care Service Corporation,Payment Accuracy
82956,UHC_Talix_Master SaaS Agree & SOW1_FE 01Aug2017.pdf,https://cotiviti.sharepoint.com/sites/crmdocs/avtx_legalcontract/82956/UHC_Talix_Master SaaS Agree & SOW1_FE 01Aug2017.pdf,United HealthCare Services,Edifecs
36984,HSCS - Verscend - Offshore Amdn,https://cotiviti.sharepoint.com/sites/crmdocs/avtx_legalcontract/00036984/HSCS - Verscend - Offshore Amdn#1 to SOW - SEL - 060127 - Executed SF 36984.pdf,Health Care Service Corporation,Payment Accuracy
65332,5094_Kaiser PS-10141  MPSA Extension AMEND,https://cotiviti.sharepoint.com/sites/crmdocs/avtx_legalcontract/65332/5094_Kaiser PS-10141  MPSA Extension AMEND#4- Fully Executed.pdf,Kaiser Permanente,Population Health Management
82955,UHC_Edifecs MSLSA_FE 08Feb2017.pdf,https://cotiviti.sharepoint.com/sites/crmdocs/avtx_legalcontract/82955/UHC_Edifecs MSLSA_FE 08Feb2017.pdf,United HealthCare Services,Edifecs
34525,Aetna - VQuarter 4 of 2016 Attestation of Federal Exclusion Member Screeningrscend - OIGGSA Attestation Q4 2016 - Executed SF 34525.pdf,https://cotiviti.sharepoint.com/sites/crmdocs/avtx_legalcontract/00034525/Aetna - VQuarter 4 of 2016 Attestation of Federal Exclusion Member Screeningrscend - OIGGSA Attestation Q4 2016 - Executed SF 34525.pdf,Aetna Life Insurance Company,Record Import/Clean Up
36962,PHP - Verscend - MSA Amendment,https://cotiviti.sharepoint.com/sites/crmdocs/avtx_legalcontract/00036962/PHP - Verscend - MSA Amendment #1 - SEL - 083017 - Executed SF 36962.pdf,Presbyterian HealthCare Services,Risk Adjustment
81816,Beacon Health Options_MLSA_12312016_fully executed.pdf,https://cotiviti.sharepoint.com/sites/crmdocs/avtx_legalcontract/81816/Beacon Health Options_MLSA_12312016_fully executed.pdf,"Anthem, Inc (WellPoint, Inc.)",Edifecs
82961,UHC_OptumCare_Order 7_PQ10777_TM & SB OnPrem Perp_FE 01Dec2016.pdf,https://cotiviti.sharepoint.com/sites/crmdocs/avtx_legalcontract/82961/UHC_OptumCare_Order 7_PQ10777_TM & SB OnPrem Perp_FE 01Dec2016.pdf,United HealthCare Services,Edifecs
55291,Centene - Amendment to RCA SOW,https://cotiviti.sharepoint.com/sites/crmdocs/avtx_legalcontract/55291/Centene - Amendment to RCA SOW # 1 Mar-31-2017 Re-signed [55291].pdf,Centene Corporation,Payment Accuracy
83088,Beacon Health_BAA_08312016_fully executed.pdf,https://cotiviti.sharepoint.com/sites/crmdocs/avtx_legalcontract/83088/Beacon Health_BAA_08312016_fully executed.pdf,"Anthem, Inc (WellPoint, Inc.)",Edifecs
55437,Horizon - Amendment,https://cotiviti.sharepoint.com/sites/crmdocs/avtx_legalcontract/55437/Horizon - Amendment#3 to MSA (July 2016) [55437].pdf,Horizon Blue Cross Blue Shield of New Jersey,Payment Accuracy
55438,Horizon BCBS NJ - BAA Amendment,https://cotiviti.sharepoint.com/sites/crmdocs/avtx_legalcontract/55438/Horizon BCBS NJ - BAA Amendment#1 (June 2016) [55438].pdf,Horizon Blue Cross Blue Shield of New Jersey,Payment Accuracy
83539,Excellus_PO for Amendment 3_11292016.pdf,https://cotiviti.sharepoint.com/sites/crmdocs/avtx_legalcontract/83539/Excellus_PO for Amendment 3_11292016.pdf,Excellus BlueCross BlueShield,Edifecs
67233,7.1.2.4.5.7 Amerigroup - SOW 311 - Mediciad Recert for LA - Fully Executed 7.22.16_,https://cotiviti.sharepoint.com/sites/crmdocs/avtx_legalcontract/67233/7.1.2.4.5.7 Amerigroup - SOW 311 - Mediciad Recert for LA - Fully Executed 7.22.16_#2750.pdf,"Anthem, Inc (WellPoint, Inc.)",Population Health Management
66868,11369_7.1.2.3.6.4 Centene - Envolve - HEDIS Gap Closure Program - Fully Executed 7.18.16_,https://cotiviti.sharepoint.com/sites/crmdocs/avtx_legalcontract/66868/11369_7.1.2.3.6.4 Centene - Envolve - HEDIS Gap Closure Program - Fully Executed 7.18.16_#2678.pdf,Centene Corporation,Population Health Management
21709,Highmark BCBS Omnibus Amendment,https://cotiviti.sharepoint.com/sites/crmdocs/avtx_legalcontract/00021709/Highmark BCBS Omnibus Amendment#17 SF21709.pdf,Highmark Blue Cross Blue Shield,Performance Analytics
28520,Aetna Amendment,https://cotiviti.sharepoint.com/sites/crmdocs/avtx_legalcontract/00028520/Aetna Amendment #3 to Sched #3 05-05-2016 SF28520.pdf,Aetna Life Insurance Company,Risk Adjustment
67184,35107_7.1.2.4.6.59 SOW 304 - Anthem - 90 Day Rx Supply Reminder - Fully Executed_,https://cotiviti.sharepoint.com/sites/crmdocs/avtx_legalcontract/67184/35107_7.1.2.4.6.59 SOW 304 - Anthem - 90 Day Rx Supply Reminder - Fully Executed_#2696.pdf,"Anthem, Inc (WellPoint, Inc.)",Population Health Management
55622,Highmark - SOW,https://cotiviti.sharepoint.com/sites/crmdocs/avtx_legalcontract/55622/Highmark - SOW# 1 Prospective Claims (March 2016) [55622].pdf,Highmark Blue Cross Blue Shield,Payment Accuracy
19326,Verisk MSA Amend,https://cotiviti.sharepoint.com/sites/crmdocs/avtx_legalcontract/00019326/Verisk MSA Amend# 16 HEDIS QI extension_Highmark Executed.pdf,Highmark Blue Cross Blue Shield,Quality Improvement
18187,Verisk MSA Amend,https://cotiviti.sharepoint.com/sites/crmdocs/avtx_legalcontract/00018187/Verisk MSA Amend# 14 (A-2 MI Extension)_Highmark Executed.pdf,Highmark Blue Cross Blue Shield,Performance Analytics
67182,35035_7.1.2.4.6.40 CO1090 - Change Order 3 to SOW 25-new - Fully Executed 1816_,https://cotiviti.sharepoint.com/sites/crmdocs/avtx_legalcontract/67182/35035_7.1.2.4.6.40 CO1090 - Change Order 3 to SOW 25-new - Fully Executed 1816_#2141.pdf,"Anthem, Inc (WellPoint, Inc.)",Population Health Management
83538,Excellus_PO for SOW545_02112015.pdf,https://cotiviti.sharepoint.com/sites/crmdocs/avtx_legalcontract/83538/Excellus_PO for SOW545_02112015.pdf,Excellus BlueCross BlueShield,Edifecs
55428,Horizon - Amendment,https://cotiviti.sharepoint.com/sites/crmdocs/avtx_legalcontract/55428/Horizon - Amendment #2 to MSA (Oct 2015) [55428].pdf,Horizon Blue Cross Blue Shield of New Jersey,Payment Accuracy
55426,Horizon - Amendment,https://cotiviti.sharepoint.com/sites/crmdocs/avtx_legalcontract/55426/Horizon - Amendment #2 to SOW (Oct 2015) [55426].pdf,Horizon Blue Cross Blue Shield of New Jersey,Payment Accuracy
82108,SVS-KS.HUM.EDIFECS.AMD001-EXA-65621.10-06-2015 (part 3) - signed.pdf,https://cotiviti.sharepoint.com/sites/crmdocs/avtx_legalcontract/82108/SVS-KS.HUM.EDIFECS.AMD001-EXA-65621.10-06-2015 (part 3) - signed.pdf,Humana,Edifecs
82107,SVS-KS.HUM.EDIFECS.AMD001-EXA-65621.10-06-2015 (part 4) - signed (1).pdf,https://cotiviti.sharepoint.com/sites/crmdocs/avtx_legalcontract/82107/SVS-KS.HUM.EDIFECS.AMD001-EXA-65621.10-06-2015 (part 4) - signed (1).pdf,Humana,Edifecs
16068,Highmark Blue Cross Blue Shield Amendment,https://cotiviti.sharepoint.com/sites/crmdocs/avtx_legalcontract/00016068/Highmark Blue Cross Blue Shield Amendment #1 to SOW 10-09-15 SF16068.pdf,Highmark Blue Cross Blue Shield,Performance Analytics
15928,Centene Corporation Amendment,https://cotiviti.sharepoint.com/sites/crmdocs/avtx_legalcontract/00015928/Centene Corporation Amendment #1 MSA PAD 09-12-2015 SF15928.pdf,Centene Corporation,Payment Accuracy
79292,Humana - Cotiviti - CO - AM - 07092025 -Dynamics_79292.pdf,https://cotiviti.sharepoint.com/sites/crmdocs/avtx_legalcontract/79292/Humana - Cotiviti - CO - AM - 07092025 -Dynamics_79292.pdf,Humana,Population Health Management
65331,9541_Kaiser MSA PS-10141 Amendment,https://cotiviti.sharepoint.com/sites/crmdocs/avtx_legalcontract/65331/9541_Kaiser MSA PS-10141 Amendment #3 - Term Extension - Fully Executed 61015.pdf,Kaiser Permanente,Population Health Management
13760,Humana- TERMINATION LETTER to Sched,https://cotiviti.sharepoint.com/sites/crmdocs/avtx_legalcontract/00013760/Humana- TERMINATION LETTER to Sched #9 FFP 4-30-15.pdf,Humana,Payment Accuracy
16116,Aetna Life Insurance Schedule,https://cotiviti.sharepoint.com/sites/crmdocs/avtx_legalcontract/00016116/Aetna Life Insurance Schedule #11 Chart Retrieval Aetna Sentinel 2015 04-01-2015 SF16116.pdf,Aetna Life Insurance Company,Risk Adjustment
67190,43171_WellPoint Addendum 1 to SOW 257,https://cotiviti.sharepoint.com/sites/crmdocs/avtx_legalcontract/67190/43171_WellPoint Addendum 1 to SOW 257 #2141 012015 (7642).pdf,"Anthem, Inc (WellPoint, Inc.)",Population Health Management
83535,Excellus_BAA_Amendment_for HIV_12182020_fully executed (1).pdf,https://cotiviti.sharepoint.com/sites/crmdocs/avtx_legalcontract/83535/Excellus_BAA_Amendment_for HIV_12182020_fully executed (1).pdf,Excellus BlueCross BlueShield,Edifecs
82053,Humana_Exhibit A-5_12142014_fully executed.pdf,https://cotiviti.sharepoint.com/sites/crmdocs/avtx_legalcontract/82053/Humana_Exhibit A-5_12142014_fully executed.pdf,Humana,Edifecs
55427,Horizon - Amendment,https://cotiviti.sharepoint.com/sites/crmdocs/avtx_legalcontract/55427/Horizon - Amendment #1 to MSA (Nov 2014) [55427].pdf,Horizon Blue Cross Blue Shield of New Jersey,Payment Accuracy
55424,Horizon - Amendment,https://cotiviti.sharepoint.com/sites/crmdocs/avtx_legalcontract/55424/Horizon - Amendment #1 to SOW (Nov 2014) [55424].pdf,Horizon Blue Cross Blue Shield of New Jersey,Payment Accuracy
82289,HCSC_Ltr re IBM providing services to HCSC_10172014.pdf,https://cotiviti.sharepoint.com/sites/crmdocs/avtx_legalcontract/82289/HCSC_Ltr re IBM providing services to HCSC_10172014.pdf,Health Care Service Corporation,Edifecs
67181,35003_7.1.2.4.6.6 Addendum 1 to SOW 188 WellPoint_Fully Executed_0814_,https://cotiviti.sharepoint.com/sites/crmdocs/avtx_legalcontract/67181/35003_7.1.2.4.6.6 Addendum 1 to SOW 188 WellPoint_Fully Executed_0814_#1213.pdf,"Anthem, Inc (WellPoint, Inc.)",Population Health Management
10590,KGA - Kaiser GA - 2014.07.01_Services and Software Licensing Amendment,https://cotiviti.sharepoint.com/sites/crmdocs/avtx_legalcontract/00010590/KGA - Kaiser GA - 2014.07.01_Services and Software Licensing Amendment #1.pdf,Kaiser Permanente of Georgia,Quality Improvement
55392,(RCA) HCSC - Amendment,https://cotiviti.sharepoint.com/sites/crmdocs/avtx_legalcontract/55392/(RCA) HCSC - Amendment #2 to MSA (2014) [55392].pdf,Health Care Service Corporation,Payment Accuracy
11079,Humana-RQI-Sched.,https://cotiviti.sharepoint.com/sites/crmdocs/avtx_legalcontract/00011079/Humana-RQI-Sched. #8 SOW to MSA-Executed.pdf,Humana,Risk Adjustment
10717,Humana-RQI-Amend,https://cotiviti.sharepoint.com/sites/crmdocs/avtx_legalcontract/00010717/Humana-RQI-Amend #2 to BAA-Executed.pdf,Humana,Record Import/Clean Up
82559,UPMC-HF_BAA_04.22.2014.pdf,https://cotiviti.sharepoint.com/sites/crmdocs/avtx_legalcontract/82559/UPMC-HF_BAA_04.22.2014.pdf,UPMC Health Plan,Edifecs
55509,SOW Change Order,https://cotiviti.sharepoint.com/sites/crmdocs/avtx_legalcontract/55509/SOW Change Order #2(Feb. 2014) [55509].pdf,Kaiser Permanente,Payment Accuracy
55508,Amendment,https://cotiviti.sharepoint.com/sites/crmdocs/avtx_legalcontract/55508/Amendment # 2 to SOW (Feb.2014) [55508].pdf,Kaiser Permanente,Payment Accuracy
82288,HCSC_CO to SOW442_SOW478_02252014_fully executed.pdf,https://cotiviti.sharepoint.com/sites/crmdocs/avtx_legalcontract/82288/HCSC_CO to SOW442_SOW478_02252014_fully executed.pdf,Health Care Service Corporation,Edifecs
9806,WellPoint- HEDIS QI Amend,https://cotiviti.sharepoint.com/sites/crmdocs/avtx_legalcontract/00009806/WellPoint- HEDIS QI Amend #1 to MSA 2-1-14 Executed.pdf,"Anthem, Inc (WellPoint, Inc.)",Quality Improvement
13328,Health Alliance Medical Plans-RQI-SOW,https://cotiviti.sharepoint.com/sites/crmdocs/avtx_legalcontract/00013328/Health Alliance Medical Plans-RQI-SOW#1 to MSA-Executed.pdf,"Health Alliance Medical Plans, Inc.",Risk Adjustment
82286,HCSC_BAA_fully executed 08Jan2014.pdf,https://cotiviti.sharepoint.com/sites/crmdocs/avtx_legalcontract/82286/HCSC_BAA_fully executed 08Jan2014.pdf,Health Care Service Corporation,Edifecs
55444,Horizon SOW OON Amend,https://cotiviti.sharepoint.com/sites/crmdocs/avtx_legalcontract/55444/Horizon SOW OON Amend #3 (Jan 2014)[CURRENT].pdf,Horizon Blue Cross Blue Shield of New Jersey,Payment Accuracy
83523,BCBSTN_2013 BAA_31Dec2013.pdf,https://cotiviti.sharepoint.com/sites/crmdocs/avtx_legalcontract/83523/BCBSTN_2013 BAA_31Dec2013.pdf,Blue Cross Blue Shield of Tennessee,Edifecs
83540,Excellus_PO for Amendment 1_02112015.pdf,https://cotiviti.sharepoint.com/sites/crmdocs/avtx_legalcontract/83540/Excellus_PO for Amendment 1_02112015.pdf,Excellus BlueCross BlueShield,Edifecs
83541,Excellus_MLSA_Part2_12232013_fully executed.pdf,https://cotiviti.sharepoint.com/sites/crmdocs/avtx_legalcontract/83541/Excellus_MLSA_Part2_12232013_fully executed.pdf,Excellus BlueCross BlueShield,Edifecs
83536,Excellus_MLSA_FE 23Dec2013.pdf,https://cotiviti.sharepoint.com/sites/crmdocs/avtx_legalcontract/83536/Excellus_MLSA_FE 23Dec2013.pdf,Excellus BlueCross BlueShield,Edifecs
9889,Highmark-PI-Amend,https://cotiviti.sharepoint.com/sites/crmdocs/avtx_legalcontract/00009889/Highmark-PI-Amend #10 to SOW & MSA-Executed.pdf,Highmark Blue Cross Blue Shield,Performance Analytics
55202,,https://non-disclosure agreement,Aetna Life Insurance Company,Payment Accuracy
73532,BlueCare TN HDI Agreement,https://cotiviti.sharepoint.com/sites/crmdocs/avtx_legalcontract/73532/BlueCare TN HDI Agreement  #13-035 eff 120113 SOW.pdf,Blue Cross Blue Shield of Tennessee,Payment Integrity
18588,Anthem Inc HEDIS QI Amendment,https://cotiviti.sharepoint.com/sites/crmdocs/avtx_legalcontract/00018588/Anthem Inc HEDIS QI Amendment #1 to SOW 9-30-13 SF18588.pdf,"Anthem, Inc (WellPoint, Inc.)",Quality Improvement
9739,Humana-RQI-Amend,https://cotiviti.sharepoint.com/sites/crmdocs/avtx_legalcontract/00009739/Humana-RQI-Amend #1 to BAA-Executed.pdf,Humana,Record Import/Clean Up
66693,51001_WellPoint 211 2014 ASO ER Utilization Outreach 07-13,https://cotiviti.sharepoint.com/sites/crmdocs/avtx_legalcontract/66693/51001_WellPoint 211 2014 ASO ER Utilization Outreach 07-13 #1336 (8149).pdf,"Anthem, Inc (WellPoint, Inc.)",Population Health Management
9319,Highmark Amendment,https://cotiviti.sharepoint.com/sites/crmdocs/avtx_legalcontract/00009319/Highmark Amendment #9 07-08-2013 SF9319.pdf,Highmark Blue Cross Blue Shield,Performance Analytics
67219,50997_7.1.2.4.6.125 WellPoint SOW 188 Post MI with Absence of Beta Blocker_0513_,https://cotiviti.sharepoint.com/sites/crmdocs/avtx_legalcontract/67219/50997_7.1.2.4.6.125 WellPoint SOW 188 Post MI with Absence of Beta Blocker_0513_#1213.pdf,"Anthem, Inc (WellPoint, Inc.)",Population Health Management
65330,11089_Kaiser MSA Extension PS-10141 ELIZA CORP - AMEND,https://cotiviti.sharepoint.com/sites/crmdocs/avtx_legalcontract/65330/11089_Kaiser MSA Extension PS-10141 ELIZA CORP - AMEND#2 MPSA[1].pdf,Kaiser Permanente,Population Health Management
65363,5093_Kaiser PS-10141_MSA Extension_AMEND,https://cotiviti.sharepoint.com/sites/crmdocs/avtx_legalcontract/65363/5093_Kaiser PS-10141_MSA Extension_AMEND#1 Signed_06142013.pdf,Kaiser Permanente,Population Health Management
9382,Humana-PAD-Amend.,https://cotiviti.sharepoint.com/sites/crmdocs/avtx_legalcontract/00009382/Humana-PAD-Amend. #6 to Sched #4 DCI-Executed.pdf,Humana,Payment Accuracy
8880,Highmark-DXCG-Amend,https://cotiviti.sharepoint.com/sites/crmdocs/avtx_legalcontract/00008880/Highmark-DXCG-Amend #8 to MSA & SOW-Executed.pdf,Highmark Blue Cross Blue Shield,Performance Analytics
8818,Aetna-RQI-Amend,https://cotiviti.sharepoint.com/sites/crmdocs/avtx_legalcontract/00008818/Aetna-RQI-Amend #1 to Hosting License-Executed.pdf,Aetna Life Insurance Company,Record Import/Clean Up
55443,Horizon SOW OON Amend,https://cotiviti.sharepoint.com/sites/crmdocs/avtx_legalcontract/55443/Horizon SOW OON Amend #2 (Dec 2012)[CURRENT].pdf,Horizon Blue Cross Blue Shield of New Jersey,Payment Accuracy
54287,Aetna-RQI-Amend #1 to PSA-Executed (3).pdf,https://cotiviti.sharepoint.com/sites/crmdocs/avtx_legalcontract/54287/Aetna-RQI-Amend %231 to PSA-Executed (3).pdf,Aetna Life Insurance Company,Record Import/Clean Up
8531,Aetna-RQI-Amend,https://cotiviti.sharepoint.com/sites/crmdocs/avtx_legalcontract/00008531/Aetna-RQI-Amend #1 to PSA-Executed.pdf,Aetna Life Insurance Company,Risk Adjustment
7016,Kaiser Permanente-DXCG-Amend,https://cotiviti.sharepoint.com/sites/crmdocs/avtx_legalcontract/00007016/Kaiser Permanente-DXCG-Amend #7 to MSA & SOW-Executed.pdf,Kaiser Permanente,Performance Analytics
82292,HCSC - NDA 12 06 2011_fully executed.pdf,https://cotiviti.sharepoint.com/sites/crmdocs/avtx_legalcontract/82292/HCSC - NDA 12 06 2011_fully executed.pdf,Health Care Service Corporation,Edifecs
13749,Humana- BAA to Amend,https://cotiviti.sharepoint.com/sites/crmdocs/avtx_legalcontract/00013749/Humana- BAA to Amend #1 to MSA 10-10-11 Executed.pdf,Humana,Record Import/Clean Up
83141,BCBSMI_BAA_FE 22Sept2011.pdf,https://cotiviti.sharepoint.com/sites/crmdocs/avtx_legalcontract/83141/BCBSMI_BAA_FE 22Sept2011.pdf,Blue Cross and Blue Shield of Michigan,Edifecs
6936,Highmark-MI-Amend,"https://cotiviti.sharepoint.com/sites/crmdocs/avtx_legalcontract/00006936/Highmark-MI-Amend #2 to MSA, SOW-Executed-Old.pdf",Highmark Blue Cross Blue Shield,Performance Analytics
64492,8676_BCBS LA MSA Amend,https://cotiviti.sharepoint.com/sites/crmdocs/avtx_legalcontract/64492/8676_BCBS LA MSA Amend #1.pdf,Blue Cross and Blue Shield of Louisiana,Population Health Management
82033,BCBSTN Data Sharing Agreement_Executed.pdf,https://cotiviti.sharepoint.com/sites/crmdocs/avtx_legalcontract/82033/BCBSTN Data Sharing Agreement_Executed.pdf,Blue Cross Blue Shield of Tennessee,Edifecs
8021,Humana-PAD-Sched.,https://cotiviti.sharepoint.com/sites/crmdocs/avtx_legalcontract/00008021/Humana-PAD-Sched. #6 SOW to MSA-Executed.pdf,Humana,Payment Accuracy
83537,EDFC20110921-Excellus_NDA.pdf,https://cotiviti.sharepoint.com/sites/crmdocs/avtx_legalcontract/83537/EDFC20110921-Excellus_NDA.pdf,Excellus BlueCross BlueShield,Edifecs
81818,WellPoint_Master Software License Agree_FE 10Dec2010.pdf,https://cotiviti.sharepoint.com/sites/crmdocs/avtx_legalcontract/81818/WellPoint_Master Software License Agree_FE 10Dec2010.pdf,"Anthem, Inc (WellPoint, Inc.)",Edifecs
82290,HCSC_Master License and Technical Support & Maintenance Services Agreement_fully executed 10122010.pdf,https://cotiviti.sharepoint.com/sites/crmdocs/avtx_legalcontract/82290/HCSC_Master License and Technical Support & Maintenance Services Agreement_fully executed 10122010.pdf,Health Care Service Corporation,Edifecs
82287,HCSC_BAA_fully executed 26Aug2010.pdf,https://cotiviti.sharepoint.com/sites/crmdocs/avtx_legalcontract/82287/HCSC_BAA_fully executed 26Aug2010.pdf,Health Care Service Corporation,Edifecs
82037,BCBSTN Soft Eval Agmt EDFC20100813.pdf,https://cotiviti.sharepoint.com/sites/crmdocs/avtx_legalcontract/82037/BCBSTN Soft Eval Agmt EDFC20100813.pdf,Blue Cross Blue Shield of Tennessee,Edifecs
82291,EDFC20100405-HCSC-MNDA_fully executed 05April2010.pdf,https://cotiviti.sharepoint.com/sites/crmdocs/avtx_legalcontract/82291/EDFC20100405-HCSC-MNDA_fully executed 05April2010.pdf,Health Care Service Corporation,Edifecs
82058,Humana_Sofware License Agreement-fully executed 08282009 (1).pdf,https://chrome-extension://efaidnbmnnnibpcajpcglclefindmkaj/https://cotiviti.sharepoint.com/sites/crmdocs/avtx_legalcontract/82058/Humana_Sofware License Agreement-fully executed 08282009 (1).pdf,Humana,Edifecs
54227,Humana- Addendum 1 to MSA,https://cotiviti.sharepoint.com/sites/crmdocs/avtx_legalcontract/54227/Humana- Addendum 1 to MSA #08171- IT Security.pdf,Humana,Risk Adjustment
83522,BCBSLA_MLSA_Executed_05.22.2008.pdf,https://cotiviti.sharepoint.com/sites/crmdocs/avtx_legalcontract/83522/BCBSLA_MLSA_Executed_05.22.2008.pdf,Blue Cross and Blue Shield of Louisiana,Edifecs
82954,UHC_Edifecs_Software License & Services Agmt_FE 10Aug2005.pdf,https://cotiviti.sharepoint.com/sites/crmdocs/avtx_legalcontract/82954/UHC_Edifecs_Software License & Services Agmt_FE 10Aug2005.pdf,United HealthCare Services,Edifecs
